Experiment_ID,Matrix_Size,CPU_Set_Name,CPU_Cores_List,Run_Number,Executed_Governor,Time_sec,Temp°C,Timestamp
EXP_WARMUP,8000,8P_HT_OFF,[0; 2; 4; 6; 8; 10; 12; 14],0,performance,67.63587236404419,72.0,2025-11-26T03:32:16.436668
EXP_WARMUP,8000,8P_HT_OFF,[0; 2; 4; 6; 8; 10; 12; 14],0,performance,101.8282060623169,73.0,2025-11-26T03:34:09.115509
EXP_WARMUP,8000,8P_HT_OFF,[0; 2; 4; 6; 8; 10; 12; 14],0,performance,104.11426568031311,75.0,2025-11-26T03:36:04.047808
EXP_WARMUP,8000,8P_HT_OFF,[0; 2; 4; 6; 8; 10; 12; 14],0,performance,103.97296714782715,72.0,2025-11-26T03:37:58.835496
EXP_WARMUP,8000,8P_HT_OFF,[0; 2; 4; 6; 8; 10; 12; 14],0,performance,104.62615752220154,73.0,2025-11-26T03:39:54.271530
EXP_WARMUP,8000,8P_HT_OFF,[0; 2; 4; 6; 8; 10; 12; 14],0,performance,103.88185596466064,72.0,2025-11-26T03:41:49.009064
EXP_0111,1000,8E,[16; 17; 18; 19; 20; 21; 22; 23],21,performance,0.635728120803833,72.0,2025-11-26T03:42:00.685670
EXP_0420,6000,4P_HT_ON,[0; 1; 2; 3; 4; 5; 6; 7],30,performance,26.273483276367188,74.0,2025-11-26T03:42:37.976460
EXP_0566,8000,4P_4E_HT_OFF,[0; 2; 4; 6; 16; 17; 18; 19],26,performance,77.68384718894958,72.0,2025-11-26T03:44:06.621966
EXP_0078,1000,4P_4E_HT_OFF,[0; 2; 4; 6; 16; 17; 18; 19],18,performance,0.5164673328399658,73.0,2025-11-26T03:44:18.071100
EXP_0182,2000,4P_4E_HT_OFF,[0; 2; 4; 6; 16; 17; 18; 19],2,performance,1.096376657485962,73.0,2025-11-26T03:44:30.075627
EXP_0285,4000,4P_HT_ON,[0; 1; 2; 3; 4; 5; 6; 7],15,performance,6.496288537979126,78.0,2025-11-26T03:44:47.549177
EXP_0011,1000,8P_HT_OFF,[0; 2; 4; 6; 8; 10; 12; 14],11,performance,0.46506643295288086,72.0,2025-11-26T03:44:58.811968
EXP_0470,6000,8E,[16; 17; 18; 19; 20; 21; 22; 23],20,performance,34.64466118812561,72.0,2025-11-26T03:45:44.528425
EXP_0079,1000,4P_4E_HT_OFF,[0; 2; 4; 6; 16; 17; 18; 19],19,performance,0.5090446472167969,75.0,2025-11-26T03:45:56.014858
EXP_0350,4000,8E,[16; 17; 18; 19; 20; 21; 22; 23],20,performance,8.213631868362427,73.0,2025-11-26T03:46:15.304401
EXP_0056,1000,4P_HT_ON,[0; 1; 2; 3; 4; 5; 6; 7],26,performance,0.6002318859100342,74.0,2025-11-26T03:46:26.906456
EXP_0119,1000,8E,[16; 17; 18; 19; 20; 21; 22; 23],29,performance,0.6407485008239746,71.0,2025-11-26T03:46:38.576687
EXP_0110,1000,8E,[16; 17; 18; 19; 20; 21; 22; 23],20,performance,0.6262245178222656,68.0,2025-11-26T03:46:50.300694
EXP_0589,8000,8E,[16; 17; 18; 19; 20; 21; 22; 23],19,performance,142.97729921340942,75.0,2025-11-26T03:49:24.376276
EXP_0370,6000,8P_HT_OFF,[0; 2; 4; 6; 8; 10; 12; 14],10,performance,27.90766191482544,74.0,2025-11-26T03:50:03.112936
EXP_0235,2000,8E,[16; 17; 18; 19; 20; 21; 22; 23],25,performance,1.437291145324707,73.0,2025-11-26T03:50:15.578612
EXP_0031,1000,4P_HT_ON,[0; 1; 2; 3; 4; 5; 6; 7],1,performance,0.5643212795257568,75.0,2025-11-26T03:50:27.147631
EXP_0213,2000,8E,[16; 17; 18; 19; 20; 21; 22; 23],3,performance,1.4072322845458984,72.0,2025-11-26T03:50:39.556549
EXP_0185,2000,4P_4E_HT_OFF,[0; 2; 4; 6; 16; 17; 18; 19],5,performance,1.0874853134155273,72.0,2025-11-26T03:50:51.596203
EXP_0087,1000,4P_4E_HT_OFF,[0; 2; 4; 6; 16; 17; 18; 19],27,performance,0.4926002025604248,69.0,2025-11-26T03:51:03.051355
EXP_0003,1000,8P_HT_OFF,[0; 2; 4; 6; 8; 10; 12; 14],3,performance,0.46854400634765625,69.0,2025-11-26T03:51:14.318555
EXP_0588,8000,8E,[16; 17; 18; 19; 20; 21; 22; 23],18,performance,141.7617163658142,75.0,2025-11-26T03:53:47.110130
EXP_0536,8000,4P_HT_ON,[0; 1; 2; 3; 4; 5; 6; 7],26,performance,85.58814716339111,76.0,2025-11-26T03:55:23.725332
EXP_0597,8000,8E,[16; 17; 18; 19; 20; 21; 22; 23],27,performance,145.6811408996582,74.0,2025-11-26T03:58:00.500882
EXP_0369,6000,8P_HT_OFF,[0; 2; 4; 6; 8; 10; 12; 14],9,performance,27.233057260513306,74.0,2025-11-26T03:58:38.580808
EXP_0540,8000,4P_HT_ON,[0; 1; 2; 3; 4; 5; 6; 7],30,performance,82.10169100761414,74.0,2025-11-26T04:00:11.671284
EXP_0073,1000,4P_4E_HT_OFF,[0; 2; 4; 6; 16; 17; 18; 19],13,performance,0.5189552307128906,75.0,2025-11-26T04:00:23.164324
EXP_0136,2000,8P_HT_OFF,[0; 2; 4; 6; 8; 10; 12; 14],16,performance,0.9855256080627441,73.0,2025-11-26T04:00:34.949344
EXP_0557,8000,4P_4E_HT_OFF,[0; 2; 4; 6; 16; 17; 18; 19],17,performance,74.34732222557068,73.0,2025-11-26T04:02:00.283664
EXP_0438,6000,4P_4E_HT_OFF,[0; 2; 4; 6; 16; 17; 18; 19],18,performance,25.75187611579895,75.0,2025-11-26T04:02:37.034680
EXP_0596,8000,8E,[16; 17; 18; 19; 20; 21; 22; 23],26,performance,145.12723326683044,75.0,2025-11-26T04:05:13.204722
EXP_0164,2000,4P_HT_ON,[0; 1; 2; 3; 4; 5; 6; 7],14,performance,1.255478858947754,81.0,2025-11-26T04:05:25.428624
EXP_0083,1000,4P_4E_HT_OFF,[0; 2; 4; 6; 16; 17; 18; 19],23,performance,0.5072877407073975,74.0,2025-11-26T04:05:36.914736
EXP_0258,4000,8P_HT_OFF,[0; 2; 4; 6; 8; 10; 12; 14],18,performance,4.4152679443359375,80.0,2025-11-26T04:05:52.114772
EXP_0193,2000,4P_4E_HT_OFF,[0; 2; 4; 6; 16; 17; 18; 19],13,performance,1.0995845794677734,73.0,2025-11-26T04:06:04.175558
EXP_0454,6000,8E,[16; 17; 18; 19; 20; 21; 22; 23],4,performance,33.86658215522766,74.0,2025-11-26T04:06:49.132559
EXP_0133,2000,8P_HT_OFF,[0; 2; 4; 6; 8; 10; 12; 14],13,performance,0.973635196685791,77.0,2025-11-26T04:07:00.980419
EXP_0516,8000,4P_HT_ON,[0; 1; 2; 3; 4; 5; 6; 7],6,performance,81.90320897102356,75.0,2025-11-26T04:08:33.926058
EXP_0442,6000,4P_4E_HT_OFF,[0; 2; 4; 6; 16; 17; 18; 19],22,performance,26.136141777038574,73.0,2025-11-26T04:09:11.044384
EXP_0276,4000,4P_HT_ON,[0; 1; 2; 3; 4; 5; 6; 7],6,performance,6.667309045791626,77.0,2025-11-26T04:09:28.758088
EXP_0365,6000,8P_HT_OFF,[0; 2; 4; 6; 8; 10; 12; 14],5,performance,28.763516426086426,72.0,2025-11-26T04:10:08.344429
EXP_0030,1000,8P_HT_OFF,[0; 2; 4; 6; 8; 10; 12; 14],30,performance,0.4668300151824951,73.0,2025-11-26T04:10:19.618625
EXP_0507,8000,8P_HT_OFF,[0; 2; 4; 6; 8; 10; 12; 14],27,performance,96.98151469230652,72.0,2025-11-26T04:12:07.496617
EXP_0571,8000,8E,[16; 17; 18; 19; 20; 21; 22; 23],1,performance,145.20392060279846,75.0,2025-11-26T04:14:43.785439
EXP_0025,1000,8P_HT_OFF,[0; 2; 4; 6; 8; 10; 12; 14],25,performance,0.48636436462402344,92.0,2025-11-26T04:14:55.124690
EXP_0183,2000,4P_4E_HT_OFF,[0; 2; 4; 6; 16; 17; 18; 19],3,performance,1.10091233253479,76.0,2025-11-26T04:15:07.211126
EXP_0474,6000,8E,[16; 17; 18; 19; 20; 21; 22; 23],24,performance,35.13035559654236,75.0,2025-11-26T04:15:53.385145
EXP_0105,1000,8E,[16; 17; 18; 19; 20; 21; 22; 23],15,performance,0.6236288547515869,71.0,2025-11-26T04:16:05.131210
EXP_0064,1000,4P_4E_HT_OFF,[0; 2; 4; 6; 16; 17; 18; 19],4,performance,0.5134186744689941,74.0,2025-11-26T04:16:16.650602
EXP_0491,8000,8P_HT_OFF,[0; 2; 4; 6; 8; 10; 12; 14],11,performance,94.90435338020325,73.0,2025-11-26T04:18:02.368449
EXP_0246,4000,8P_HT_OFF,[0; 2; 4; 6; 8; 10; 12; 14],6,performance,4.347906589508057,77.0,2025-11-26T04:18:17.510214
EXP_0249,4000,8P_HT_OFF,[0; 2; 4; 6; 8; 10; 12; 14],9,performance,4.381842851638794,82.0,2025-11-26T04:18:32.685412
EXP_0102,1000,8E,[16; 17; 18; 19; 20; 21; 22; 23],12,performance,0.6497902870178223,71.0,2025-11-26T04:18:44.378851
EXP_0556,8000,4P_4E_HT_OFF,[0; 2; 4; 6; 16; 17; 18; 19],16,performance,75.18521690368652,74.0,2025-11-26T04:20:10.571783
EXP_0592,8000,8E,[16; 17; 18; 19; 20; 21; 22; 23],22,performance,145.22315216064453,76.0,2025-11-26T04:22:46.837819
EXP_0357,4000,8E,[16; 17; 18; 19; 20; 21; 22; 23],27,performance,8.030495405197144,77.0,2025-11-26T04:23:05.956625
EXP_0210,2000,4P_4E_HT_OFF,[0; 2; 4; 6; 16; 17; 18; 19],30,performance,1.0867149829864502,80.0,2025-11-26T04:23:18.044599
EXP_0166,2000,4P_HT_ON,[0; 1; 2; 3; 4; 5; 6; 7],16,performance,1.345381736755371,76.0,2025-11-26T04:23:30.423243
EXP_0138,2000,8P_HT_OFF,[0; 2; 4; 6; 8; 10; 12; 14],18,performance,0.9780409336090088,74.0,2025-11-26T04:23:42.258976
EXP_0196,2000,4P_4E_HT_OFF,[0; 2; 4; 6; 16; 17; 18; 19],16,performance,1.0741467475891113,75.0,2025-11-26T04:23:54.318645
EXP_0077,1000,4P_4E_HT_OFF,[0; 2; 4; 6; 16; 17; 18; 19],17,performance,0.5126371383666992,71.0,2025-11-26T04:24:05.789856
EXP_0177,2000,4P_HT_ON,[0; 1; 2; 3; 4; 5; 6; 7],27,performance,1.2464187145233154,72.0,2025-11-26T04:24:18.023452
EXP_0330,4000,4P_4E_HT_OFF,[0; 2; 4; 6; 16; 17; 18; 19],30,performance,5.37908411026001,77.0,2025-11-26T04:24:34.306632
EXP_0537,8000,4P_HT_ON,[0; 1; 2; 3; 4; 5; 6; 7],27,performance,77.12305641174316,75.0,2025-11-26T04:26:02.422434
EXP_0549,8000,4P_4E_HT_OFF,[0; 2; 4; 6; 16; 17; 18; 19],9,performance,78.34360313415527,74.0,2025-11-26T04:27:31.779298
EXP_0071,1000,4P_4E_HT_OFF,[0; 2; 4; 6; 16; 17; 18; 19],11,performance,0.504706859588623,73.0,2025-11-26T04:27:43.271596
EXP_0562,8000,4P_4E_HT_OFF,[0; 2; 4; 6; 16; 17; 18; 19],22,performance,76.6215386390686,73.0,2025-11-26T04:29:10.838269
EXP_0590,8000,8E,[16; 17; 18; 19; 20; 21; 22; 23],20,performance,145.22653126716614,76.0,2025-11-26T04:31:47.103560
EXP_0082,1000,4P_4E_HT_OFF,[0; 2; 4; 6; 16; 17; 18; 19],22,performance,0.5063958168029785,77.0,2025-11-26T04:31:58.613597
EXP_0317,4000,4P_4E_HT_OFF,[0; 2; 4; 6; 16; 17; 18; 19],17,performance,5.354694604873657,79.0,2025-11-26T04:32:14.949428
EXP_0305,4000,4P_4E_HT_OFF,[0; 2; 4; 6; 16; 17; 18; 19],5,performance,5.314047574996948,79.0,2025-11-26T04:32:31.164581
EXP_0007,1000,8P_HT_OFF,[0; 2; 4; 6; 8; 10; 12; 14],7,performance,0.4652111530303955,74.0,2025-11-26T04:32:42.481316
EXP_0424,6000,4P_4E_HT_OFF,[0; 2; 4; 6; 16; 17; 18; 19],4,performance,20.574939966201782,75.0,2025-11-26T04:33:14.051599
EXP_0375,6000,8P_HT_OFF,[0; 2; 4; 6; 8; 10; 12; 14],15,performance,27.96204900741577,72.0,2025-11-26T04:33:52.852577
EXP_0430,6000,4P_4E_HT_OFF,[0; 2; 4; 6; 16; 17; 18; 19],10,performance,25.660316705703735,73.0,2025-11-26T04:34:29.521693
EXP_0538,8000,4P_HT_ON,[0; 1; 2; 3; 4; 5; 6; 7],28,performance,82.5364921092987,73.0,2025-11-26T04:36:03.055552
EXP_0313,4000,4P_4E_HT_OFF,[0; 2; 4; 6; 16; 17; 18; 19],13,performance,5.334349870681763,79.0,2025-11-26T04:36:19.374629
EXP_0239,2000,8E,[16; 17; 18; 19; 20; 21; 22; 23],29,performance,1.423543930053711,73.0,2025-11-26T04:36:31.879654
EXP_0560,8000,4P_4E_HT_OFF,[0; 2; 4; 6; 16; 17; 18; 19],20,performance,77.3703441619873,77.0,2025-11-26T04:38:00.280431
EXP_0433,6000,4P_4E_HT_OFF,[0; 2; 4; 6; 16; 17; 18; 19],13,performance,25.914551496505737,73.0,2025-11-26T04:38:37.193626
EXP_0287,4000,4P_HT_ON,[0; 1; 2; 3; 4; 5; 6; 7],17,performance,6.502387523651123,77.0,2025-11-26T04:38:54.745893
EXP_0427,6000,4P_4E_HT_OFF,[0; 2; 4; 6; 16; 17; 18; 19],7,performance,28.093815326690674,73.0,2025-11-26T04:39:33.797678
EXP_0599,8000,8E,[16; 17; 18; 19; 20; 21; 22; 23],29,performance,145.3657510280609,75.0,2025-11-26T04:42:10.245806
EXP_0362,6000,8P_HT_OFF,[0; 2; 4; 6; 8; 10; 12; 14],2,performance,29.047215938568115,74.0,2025-11-26T04:42:50.143743
EXP_0074,1000,4P_4E_HT_OFF,[0; 2; 4; 6; 16; 17; 18; 19],14,performance,0.5085656642913818,73.0,2025-11-26T04:43:01.655229
EXP_0040,1000,4P_HT_ON,[0; 1; 2; 3; 4; 5; 6; 7],10,performance,0.5537643432617188,75.0,2025-11-26T04:43:13.208061
EXP_0156,2000,4P_HT_ON,[0; 1; 2; 3; 4; 5; 6; 7],6,performance,1.2338674068450928,75.0,2025-11-26T04:43:25.421047
EXP_0219,2000,8E,[16; 17; 18; 19; 20; 21; 22; 23],9,performance,1.420802116394043,70.0,2025-11-26T04:43:37.889468
EXP_0371,6000,8P_HT_OFF,[0; 2; 4; 6; 8; 10; 12; 14],11,performance,14.474580526351929,78.0,2025-11-26T04:44:03.179638
EXP_0211,2000,8E,[16; 17; 18; 19; 20; 21; 22; 23],1,performance,1.4112508296966553,71.0,2025-11-26T04:44:15.626209
EXP_0236,2000,8E,[16; 17; 18; 19; 20; 21; 22; 23],26,performance,1.3990578651428223,70.0,2025-11-26T04:44:28.087817
EXP_0547,8000,4P_4E_HT_OFF,[0; 2; 4; 6; 16; 17; 18; 19],7,performance,73.26908302307129,74.0,2025-11-26T04:45:52.296279
EXP_0061,1000,4P_4E_HT_OFF,[0; 2; 4; 6; 16; 17; 18; 19],1,performance,0.5091991424560547,74.0,2025-11-26T04:46:03.800384
EXP_0301,4000,4P_4E_HT_OFF,[0; 2; 4; 6; 16; 17; 18; 19],1,performance,5.331331014633179,78.0,2025-11-26T04:46:20.105957
EXP_0260,4000,8P_HT_OFF,[0; 2; 4; 6; 8; 10; 12; 14],20,performance,4.387011528015137,77.0,2025-11-26T04:46:35.290109
EXP_0281,4000,4P_HT_ON,[0; 1; 2; 3; 4; 5; 6; 7],11,performance,6.49638295173645,82.0,2025-11-26T04:46:52.856010
EXP_0229,2000,8E,[16; 17; 18; 19; 20; 21; 22; 23],19,performance,1.4090828895568848,72.0,2025-11-26T04:47:05.349693
EXP_0012,1000,8P_HT_OFF,[0; 2; 4; 6; 8; 10; 12; 14],12,performance,0.48129940032958984,72.0,2025-11-26T04:47:16.698658
EXP_0413,6000,4P_HT_ON,[0; 1; 2; 3; 4; 5; 6; 7],23,performance,23.812664031982422,74.0,2025-11-26T04:47:51.514784
EXP_0084,1000,4P_4E_HT_OFF,[0; 2; 4; 6; 16; 17; 18; 19],24,performance,0.5126252174377441,73.0,2025-11-26T04:48:03.021801
EXP_0091,1000,8E,[16; 17; 18; 19; 20; 21; 22; 23],1,performance,0.6520488262176514,70.0,2025-11-26T04:48:14.765902
EXP_0209,2000,4P_4E_HT_OFF,[0; 2; 4; 6; 16; 17; 18; 19],29,performance,1.0854170322418213,73.0,2025-11-26T04:48:26.870646
EXP_0539,8000,4P_HT_ON,[0; 1; 2; 3; 4; 5; 6; 7],29,performance,78.59910106658936,75.0,2025-11-26T04:49:56.461581
EXP_0336,4000,8E,[16; 17; 18; 19; 20; 21; 22; 23],6,performance,8.114115953445435,76.0,2025-11-26T04:50:15.672511
EXP_0080,1000,4P_4E_HT_OFF,[0; 2; 4; 6; 16; 17; 18; 19],20,performance,0.5034949779510498,75.0,2025-11-26T04:50:27.192465
EXP_0435,6000,4P_4E_HT_OFF,[0; 2; 4; 6; 16; 17; 18; 19],15,performance,22.375845909118652,75.0,2025-11-26T04:51:00.558447
EXP_0141,2000,8P_HT_OFF,[0; 2; 4; 6; 8; 10; 12; 14],21,performance,0.9769842624664307,76.0,2025-11-26T04:51:12.354485
EXP_0282,4000,4P_HT_ON,[0; 1; 2; 3; 4; 5; 6; 7],12,performance,6.4858481884002686,77.0,2025-11-26T04:51:29.821146
EXP_0269,4000,8P_HT_OFF,[0; 2; 4; 6; 8; 10; 12; 14],29,performance,4.339459180831909,77.0,2025-11-26T04:51:45.020487
EXP_0415,6000,4P_HT_ON,[0; 1; 2; 3; 4; 5; 6; 7],25,performance,27.3078773021698,74.0,2025-11-26T04:52:23.320427
EXP_0200,2000,4P_4E_HT_OFF,[0; 2; 4; 6; 16; 17; 18; 19],20,performance,1.093914270401001,73.0,2025-11-26T04:52:35.403042
EXP_0465,6000,8E,[16; 17; 18; 19; 20; 21; 22; 23],15,performance,35.97463035583496,73.0,2025-11-26T04:53:22.420291
EXP_0576,8000,8E,[16; 17; 18; 19; 20; 21; 22; 23],6,performance,145.3857171535492,75.0,2025-11-26T04:55:58.931707
EXP_0585,8000,8E,[16; 17; 18; 19; 20; 21; 22; 23],15,performance,145.70424151420593,75.0,2025-11-26T04:58:35.684246
EXP_0372,6000,8P_HT_OFF,[0; 2; 4; 6; 8; 10; 12; 14],12,performance,26.58873748779297,73.0,2025-11-26T04:59:13.217113
EXP_0400,6000,4P_HT_ON,[0; 1; 2; 3; 4; 5; 6; 7],10,performance,28.785217761993408,74.0,2025-11-26T04:59:53.006676
EXP_0341,4000,8E,[16; 17; 18; 19; 20; 21; 22; 23],11,performance,8.14655065536499,76.0,2025-11-26T05:00:12.247688
EXP_0149,2000,8P_HT_OFF,[0; 2; 4; 6; 8; 10; 12; 14],29,performance,0.9874832630157471,78.0,2025-11-26T05:00:24.063640
EXP_0495,8000,8P_HT_OFF,[0; 2; 4; 6; 8; 10; 12; 14],15,performance,97.83550524711609,72.0,2025-11-26T05:02:12.717986
EXP_0440,6000,4P_4E_HT_OFF,[0; 2; 4; 6; 16; 17; 18; 19],20,performance,26.598049879074097,72.0,2025-11-26T05:02:50.308477
EXP_0146,2000,8P_HT_OFF,[0; 2; 4; 6; 8; 10; 12; 14],26,performance,0.9827060699462891,76.0,2025-11-26T05:03:02.152202
EXP_0010,1000,8P_HT_OFF,[0; 2; 4; 6; 8; 10; 12; 14],10,performance,0.4647693634033203,71.0,2025-11-26T05:03:13.430596
EXP_0376,6000,8P_HT_OFF,[0; 2; 4; 6; 8; 10; 12; 14],16,performance,14.628150939941406,78.0,2025-11-26T05:03:38.858934
EXP_0524,8000,4P_HT_ON,[0; 1; 2; 3; 4; 5; 6; 7],14,performance,86.04831409454346,75.0,2025-11-26T05:05:15.900625
EXP_0189,2000,4P_4E_HT_OFF,[0; 2; 4; 6; 16; 17; 18; 19],9,performance,1.0921895503997803,75.0,2025-11-26T05:05:27.936890
EXP_0132,2000,8P_HT_OFF,[0; 2; 4; 6; 8; 10; 12; 14],12,performance,0.9931385517120361,76.0,2025-11-26T05:05:39.783603
EXP_0573,8000,8E,[16; 17; 18; 19; 20; 21; 22; 23],3,performance,144.60474252700806,76.0,2025-11-26T05:08:15.430429
EXP_0299,4000,4P_HT_ON,[0; 1; 2; 3; 4; 5; 6; 7],29,performance,6.514726638793945,82.0,2025-11-26T05:08:32.935654
EXP_0587,8000,8E,[16; 17; 18; 19; 20; 21; 22; 23],17,performance,145.38785099983215,75.0,2025-11-26T05:11:09.338919
EXP_0447,6000,4P_4E_HT_OFF,[0; 2; 4; 6; 16; 17; 18; 19],27,performance,26.73802876472473,75.0,2025-11-26T05:11:47.102959
EXP_0085,1000,4P_4E_HT_OFF,[0; 2; 4; 6; 16; 17; 18; 19],25,performance,0.5140078067779541,75.0,2025-11-26T05:11:58.611669
EXP_0593,8000,8E,[16; 17; 18; 19; 20; 21; 22; 23],23,performance,144.47883009910583,76.0,2025-11-26T05:14:34.128187
EXP_0178,2000,4P_HT_ON,[0; 1; 2; 3; 4; 5; 6; 7],28,performance,1.2504210472106934,78.0,2025-11-26T05:14:46.426607
EXP_0154,2000,4P_HT_ON,[0; 1; 2; 3; 4; 5; 6; 7],4,performance,1.248100757598877,78.0,2025-11-26T05:14:58.661908
EXP_0453,6000,8E,[16; 17; 18; 19; 20; 21; 22; 23],3,performance,36.1629695892334,75.0,2025-11-26T05:15:45.841175
EXP_0197,2000,4P_4E_HT_OFF,[0; 2; 4; 6; 16; 17; 18; 19],17,performance,1.0825698375701904,76.0,2025-11-26T05:15:57.937894
EXP_0076,1000,4P_4E_HT_OFF,[0; 2; 4; 6; 16; 17; 18; 19],16,performance,0.5117764472961426,74.0,2025-11-26T05:16:09.436661
EXP_0093,1000,8E,[16; 17; 18; 19; 20; 21; 22; 23],3,performance,0.6482434272766113,70.0,2025-11-26T05:16:21.132810
EXP_0297,4000,4P_HT_ON,[0; 1; 2; 3; 4; 5; 6; 7],27,performance,6.430811643600464,81.0,2025-11-26T05:16:38.580678
EXP_0069,1000,4P_4E_HT_OFF,[0; 2; 4; 6; 16; 17; 18; 19],9,performance,0.5005278587341309,72.0,2025-11-26T05:16:50.055687
EXP_0016,1000,8P_HT_OFF,[0; 2; 4; 6; 8; 10; 12; 14],16,performance,0.46934056282043457,71.0,2025-11-26T05:17:01.336616
EXP_0205,2000,4P_4E_HT_OFF,[0; 2; 4; 6; 16; 17; 18; 19],25,performance,1.0826983451843262,70.0,2025-11-26T05:17:13.406637
EXP_0159,2000,4P_HT_ON,[0; 1; 2; 3; 4; 5; 6; 7],9,performance,1.2289543151855469,72.0,2025-11-26T05:17:25.613506
EXP_0089,1000,4P_4E_HT_OFF,[0; 2; 4; 6; 16; 17; 18; 19],29,performance,0.5075016021728516,70.0,2025-11-26T05:17:37.043897
EXP_0498,8000,8P_HT_OFF,[0; 2; 4; 6; 8; 10; 12; 14],18,performance,77.81852889060974,73.0,2025-11-26T05:19:05.677150
EXP_0118,1000,8E,[16; 17; 18; 19; 20; 21; 22; 23],28,performance,0.642960786819458,72.0,2025-11-26T05:19:17.376002
EXP_0383,6000,8P_HT_OFF,[0; 2; 4; 6; 8; 10; 12; 14],23,performance,18.002477407455444,76.0,2025-11-26T05:19:46.244994
EXP_0406,6000,4P_HT_ON,[0; 1; 2; 3; 4; 5; 6; 7],16,performance,28.974854946136475,74.0,2025-11-26T05:20:26.231447
EXP_0034,1000,4P_HT_ON,[0; 1; 2; 3; 4; 5; 6; 7],4,performance,0.5520205497741699,75.0,2025-11-26T05:20:37.777581
EXP_0001,1000,8P_HT_OFF,[0; 2; 4; 6; 8; 10; 12; 14],1,performance,0.4664168357849121,73.0,2025-11-26T05:20:49.060606
EXP_0594,8000,8E,[16; 17; 18; 19; 20; 21; 22; 23],24,performance,143.8317849636078,76.0,2025-11-26T05:23:23.955631
EXP_0532,8000,4P_HT_ON,[0; 1; 2; 3; 4; 5; 6; 7],22,performance,85.37023758888245,77.0,2025-11-26T05:25:00.337575
EXP_0354,4000,8E,[16; 17; 18; 19; 20; 21; 22; 23],24,performance,8.091405630111694,77.0,2025-11-26T05:25:19.506119
EXP_0333,4000,8E,[16; 17; 18; 19; 20; 21; 22; 23],3,performance,8.055591344833374,77.0,2025-11-26T05:25:38.622629
EXP_0535,8000,4P_HT_ON,[0; 1; 2; 3; 4; 5; 6; 7],25,performance,83.74833536148071,80.0,2025-11-26T05:27:13.496259
EXP_0245,4000,8P_HT_OFF,[0; 2; 4; 6; 8; 10; 12; 14],5,performance,4.409857273101807,81.0,2025-11-26T05:27:28.709506
EXP_0023,1000,8P_HT_OFF,[0; 2; 4; 6; 8; 10; 12; 14],23,performance,0.46713685989379883,81.0,2025-11-26T05:27:39.993356
EXP_0441,6000,4P_4E_HT_OFF,[0; 2; 4; 6; 16; 17; 18; 19],21,performance,21.674232721328735,73.0,2025-11-26T05:28:12.657700
EXP_0117,1000,8E,[16; 17; 18; 19; 20; 21; 22; 23],27,performance,0.6352152824401855,71.0,2025-11-26T05:28:24.396322
EXP_0090,1000,4P_4E_HT_OFF,[0; 2; 4; 6; 16; 17; 18; 19],30,performance,0.5205698013305664,74.0,2025-11-26T05:28:35.926375
EXP_0366,6000,8P_HT_OFF,[0; 2; 4; 6; 8; 10; 12; 14],6,performance,14.700065612792969,81.0,2025-11-26T05:29:01.429356
EXP_0212,2000,8E,[16; 17; 18; 19; 20; 21; 22; 23],2,performance,1.419344186782837,71.0,2025-11-26T05:29:13.898563
EXP_0019,1000,8P_HT_OFF,[0; 2; 4; 6; 8; 10; 12; 14],19,performance,0.4720313549041748,72.0,2025-11-26T05:29:25.262294
EXP_0408,6000,4P_HT_ON,[0; 1; 2; 3; 4; 5; 6; 7],18,performance,25.56984829902649,74.0,2025-11-26T05:30:01.820220
EXP_0321,4000,4P_4E_HT_OFF,[0; 2; 4; 6; 16; 17; 18; 19],21,performance,5.382431507110596,79.0,2025-11-26T05:30:18.187551
EXP_0145,2000,8P_HT_OFF,[0; 2; 4; 6; 8; 10; 12; 14],25,performance,0.9925742149353027,74.0,2025-11-26T05:30:30.030537
EXP_0290,4000,4P_HT_ON,[0; 1; 2; 3; 4; 5; 6; 7],20,performance,6.4674718379974365,79.0,2025-11-26T05:30:47.456535
EXP_0275,4000,4P_HT_ON,[0; 1; 2; 3; 4; 5; 6; 7],5,performance,6.495913982391357,78.0,2025-11-26T05:31:04.930687
EXP_0542,8000,4P_4E_HT_OFF,[0; 2; 4; 6; 16; 17; 18; 19],2,performance,77.3285768032074,75.0,2025-11-26T05:32:33.261334
EXP_0361,6000,8P_HT_OFF,[0; 2; 4; 6; 8; 10; 12; 14],1,performance,28.036947011947632,72.0,2025-11-26T05:33:12.165760
EXP_0251,4000,8P_HT_OFF,[0; 2; 4; 6; 8; 10; 12; 14],11,performance,4.3305089473724365,78.0,2025-11-26T05:33:27.301739
EXP_0288,4000,4P_HT_ON,[0; 1; 2; 3; 4; 5; 6; 7],18,performance,6.575973749160767,79.0,2025-11-26T05:33:44.865799
EXP_0529,8000,4P_HT_ON,[0; 1; 2; 3; 4; 5; 6; 7],19,performance,83.41357159614563,73.0,2025-11-26T05:35:19.291365
EXP_0401,6000,4P_HT_ON,[0; 1; 2; 3; 4; 5; 6; 7],11,performance,28.333432912826538,73.0,2025-11-26T05:35:58.616865
EXP_0168,2000,4P_HT_ON,[0; 1; 2; 3; 4; 5; 6; 7],18,performance,1.3066675662994385,80.0,2025-11-26T05:36:10.945384
EXP_0055,1000,4P_HT_ON,[0; 1; 2; 3; 4; 5; 6; 7],25,performance,0.5581271648406982,74.0,2025-11-26T05:36:22.516317
EXP_0494,8000,8P_HT_OFF,[0; 2; 4; 6; 8; 10; 12; 14],14,performance,95.80592894554138,73.0,2025-11-26T05:38:09.143376
EXP_0047,1000,4P_HT_ON,[0; 1; 2; 3; 4; 5; 6; 7],17,performance,0.5599002838134766,75.0,2025-11-26T05:38:20.701953
EXP_0094,1000,8E,[16; 17; 18; 19; 20; 21; 22; 23],4,performance,0.6590790748596191,71.0,2025-11-26T05:38:32.436937
EXP_0265,4000,8P_HT_OFF,[0; 2; 4; 6; 8; 10; 12; 14],25,performance,4.364408254623413,77.0,2025-11-26T05:38:47.669281
EXP_0109,1000,8E,[16; 17; 18; 19; 20; 21; 22; 23],19,performance,0.6314253807067871,70.0,2025-11-26T05:38:59.390792
EXP_0273,4000,4P_HT_ON,[0; 1; 2; 3; 4; 5; 6; 7],3,performance,6.461155414581299,75.0,2025-11-26T05:39:16.905903
EXP_0600,8000,8E,[16; 17; 18; 19; 20; 21; 22; 23],30,performance,143.19341778755188,76.0,2025-11-26T05:41:51.185724
EXP_0480,6000,8E,[16; 17; 18; 19; 20; 21; 22; 23],30,performance,37.89921236038208,76.0,2025-11-26T05:42:40.198542
EXP_0437,6000,4P_4E_HT_OFF,[0; 2; 4; 6; 16; 17; 18; 19],17,performance,26.027517557144165,75.0,2025-11-26T05:43:17.266178
EXP_0384,6000,8P_HT_OFF,[0; 2; 4; 6; 8; 10; 12; 14],24,performance,27.644068002700806,73.0,2025-11-26T05:43:55.735140
EXP_0381,6000,8P_HT_OFF,[0; 2; 4; 6; 8; 10; 12; 14],21,performance,27.45387887954712,72.0,2025-11-26T05:44:34.020099
EXP_0463,6000,8E,[16; 17; 18; 19; 20; 21; 22; 23],13,performance,37.50575256347656,74.0,2025-11-26T05:45:22.628846
EXP_0395,6000,4P_HT_ON,[0; 1; 2; 3; 4; 5; 6; 7],5,performance,28.247677087783813,73.0,2025-11-26T05:46:01.908436
EXP_0266,4000,8P_HT_OFF,[0; 2; 4; 6; 8; 10; 12; 14],26,performance,4.376423597335815,78.0,2025-11-26T05:46:17.207003
EXP_0481,8000,8P_HT_OFF,[0; 2; 4; 6; 8; 10; 12; 14],1,performance,102.41373038291931,74.0,2025-11-26T05:48:10.455860
EXP_0518,8000,4P_HT_ON,[0; 1; 2; 3; 4; 5; 6; 7],8,performance,83.84624075889587,74.0,2025-11-26T05:49:45.308518
EXP_0070,1000,4P_4E_HT_OFF,[0; 2; 4; 6; 16; 17; 18; 19],10,performance,0.51043701171875,74.0,2025-11-26T05:49:56.808163
EXP_0232,2000,8E,[16; 17; 18; 19; 20; 21; 22; 23],22,performance,1.421351671218872,71.0,2025-11-26T05:50:09.316578
EXP_0404,6000,4P_HT_ON,[0; 1; 2; 3; 4; 5; 6; 7],14,performance,25.1789608001709,73.0,2025-11-26T05:50:45.515991
EXP_0279,4000,4P_HT_ON,[0; 1; 2; 3; 4; 5; 6; 7],9,performance,6.498771667480469,78.0,2025-11-26T05:51:02.996525
EXP_0473,6000,8E,[16; 17; 18; 19; 20; 21; 22; 23],23,performance,38.51612305641174,73.0,2025-11-26T05:51:52.595263
EXP_0351,4000,8E,[16; 17; 18; 19; 20; 21; 22; 23],21,performance,8.019340515136719,77.0,2025-11-26T05:52:11.719068
EXP_0510,8000,8P_HT_OFF,[0; 2; 4; 6; 8; 10; 12; 14],30,performance,103.69848561286926,74.0,2025-11-26T05:54:06.303819
EXP_0150,2000,8P_HT_OFF,[0; 2; 4; 6; 8; 10; 12; 14],30,performance,0.9919447898864746,77.0,2025-11-26T05:54:18.152492
EXP_0125,2000,8P_HT_OFF,[0; 2; 4; 6; 8; 10; 12; 14],5,performance,0.9671206474304199,72.0,2025-11-26T05:54:29.940471
EXP_0429,6000,4P_4E_HT_OFF,[0; 2; 4; 6; 16; 17; 18; 19],9,performance,20.137266159057617,75.0,2025-11-26T05:55:01.028920
EXP_0466,6000,8E,[16; 17; 18; 19; 20; 21; 22; 23],16,performance,37.204957485198975,73.0,2025-11-26T05:55:49.334558
EXP_0186,2000,4P_4E_HT_OFF,[0; 2; 4; 6; 16; 17; 18; 19],6,performance,1.0896778106689453,76.0,2025-11-26T05:56:01.443746
EXP_0228,2000,8E,[16; 17; 18; 19; 20; 21; 22; 23],18,performance,1.4421930313110352,72.0,2025-11-26T05:56:13.977860
EXP_0292,4000,4P_HT_ON,[0; 1; 2; 3; 4; 5; 6; 7],22,performance,6.512579917907715,77.0,2025-11-26T05:56:31.491532
EXP_0248,4000,8P_HT_OFF,[0; 2; 4; 6; 8; 10; 12; 14],8,performance,4.378063917160034,77.0,2025-11-26T05:56:46.673867
EXP_0291,4000,4P_HT_ON,[0; 1; 2; 3; 4; 5; 6; 7],21,performance,6.532820701599121,78.0,2025-11-26T05:57:04.220479
EXP_0250,4000,8P_HT_OFF,[0; 2; 4; 6; 8; 10; 12; 14],10,performance,4.3483195304870605,77.0,2025-11-26T05:57:19.381497
EXP_0444,6000,4P_4E_HT_OFF,[0; 2; 4; 6; 16; 17; 18; 19],24,performance,23.294711351394653,73.0,2025-11-26T05:57:53.691331
EXP_0552,8000,4P_4E_HT_OFF,[0; 2; 4; 6; 16; 17; 18; 19],12,performance,78.61943626403809,73.0,2025-11-26T05:59:23.304487
EXP_0553,8000,4P_4E_HT_OFF,[0; 2; 4; 6; 16; 17; 18; 19],13,performance,80.03569626808167,76.0,2025-11-26T06:00:54.340547
EXP_0551,8000,4P_4E_HT_OFF,[0; 2; 4; 6; 16; 17; 18; 19],11,performance,79.2693464756012,72.0,2025-11-26T06:02:24.612590
EXP_0115,1000,8E,[16; 17; 18; 19; 20; 21; 22; 23],25,performance,0.6613352298736572,72.0,2025-11-26T06:02:36.361830
EXP_0204,2000,4P_4E_HT_OFF,[0; 2; 4; 6; 16; 17; 18; 19],24,performance,1.0748913288116455,72.0,2025-11-26T06:02:48.442528
EXP_0142,2000,8P_HT_OFF,[0; 2; 4; 6; 8; 10; 12; 14],22,performance,0.9852607250213623,76.0,2025-11-26T06:03:00.268033
EXP_0339,4000,8E,[16; 17; 18; 19; 20; 21; 22; 23],9,performance,8.004103899002075,73.0,2025-11-26T06:03:19.318787
EXP_0008,1000,8P_HT_OFF,[0; 2; 4; 6; 8; 10; 12; 14],8,performance,0.46733808517456055,74.0,2025-11-26T06:03:30.667183
EXP_0522,8000,4P_HT_ON,[0; 1; 2; 3; 4; 5; 6; 7],12,performance,79.11435794830322,74.0,2025-11-26T06:05:00.823476
EXP_0020,1000,8P_HT_OFF,[0; 2; 4; 6; 8; 10; 12; 14],20,performance,0.46289491653442383,76.0,2025-11-26T06:05:12.106621
EXP_0173,2000,4P_HT_ON,[0; 1; 2; 3; 4; 5; 6; 7],23,performance,1.2465734481811523,78.0,2025-11-26T06:05:24.329245
EXP_0452,6000,8E,[16; 17; 18; 19; 20; 21; 22; 23],2,performance,34.910136222839355,77.0,2025-11-26T06:06:10.299741
EXP_0057,1000,4P_HT_ON,[0; 1; 2; 3; 4; 5; 6; 7],27,performance,0.5624885559082031,77.0,2025-11-26T06:06:21.899638
EXP_0302,4000,4P_4E_HT_OFF,[0; 2; 4; 6; 16; 17; 18; 19],2,performance,5.369297742843628,79.0,2025-11-26T06:06:38.243952
EXP_0337,4000,8E,[16; 17; 18; 19; 20; 21; 22; 23],7,performance,8.112000226974487,87.0,2025-11-26T06:06:57.412787
EXP_0451,6000,8E,[16; 17; 18; 19; 20; 21; 22; 23],1,performance,37.14645957946777,74.0,2025-11-26T06:07:45.645523
EXP_0323,4000,4P_4E_HT_OFF,[0; 2; 4; 6; 16; 17; 18; 19],23,performance,5.5133280754089355,80.0,2025-11-26T06:08:02.150522
EXP_0311,4000,4P_4E_HT_OFF,[0; 2; 4; 6; 16; 17; 18; 19],11,performance,5.347369194030762,79.0,2025-11-26T06:08:18.481750
EXP_0050,1000,4P_HT_ON,[0; 1; 2; 3; 4; 5; 6; 7],20,performance,0.5694084167480469,76.0,2025-11-26T06:08:30.032439
EXP_0345,4000,8E,[16; 17; 18; 19; 20; 21; 22; 23],15,performance,8.001681327819824,76.0,2025-11-26T06:08:49.109442
EXP_0026,1000,8P_HT_OFF,[0; 2; 4; 6; 8; 10; 12; 14],26,performance,0.4630727767944336,74.0,2025-11-26T06:09:00.511058
EXP_0443,6000,4P_4E_HT_OFF,[0; 2; 4; 6; 16; 17; 18; 19],23,performance,19.57338547706604,76.0,2025-11-26T06:09:31.072367
EXP_0221,2000,8E,[16; 17; 18; 19; 20; 21; 22; 23],11,performance,1.4092700481414795,73.0,2025-11-26T06:09:43.579462
EXP_0484,8000,8P_HT_OFF,[0; 2; 4; 6; 8; 10; 12; 14],4,performance,99.35724401473999,73.0,2025-11-26T06:11:33.784830
EXP_0541,8000,4P_4E_HT_OFF,[0; 2; 4; 6; 16; 17; 18; 19],1,performance,78.55584073066711,73.0,2025-11-26T06:13:03.335201
EXP_0043,1000,4P_HT_ON,[0; 1; 2; 3; 4; 5; 6; 7],13,performance,0.5635595321655273,75.0,2025-11-26T06:13:14.883571
EXP_0417,6000,4P_HT_ON,[0; 1; 2; 3; 4; 5; 6; 7],27,performance,26.940638065338135,73.0,2025-11-26T06:13:52.860218
EXP_0262,4000,8P_HT_OFF,[0; 2; 4; 6; 8; 10; 12; 14],22,performance,4.432403564453125,76.0,2025-11-26T06:14:08.158626
EXP_0409,6000,4P_HT_ON,[0; 1; 2; 3; 4; 5; 6; 7],19,performance,28.268944263458252,73.0,2025-11-26T06:14:47.419908
EXP_0278,4000,4P_HT_ON,[0; 1; 2; 3; 4; 5; 6; 7],8,performance,8.389986276626587,73.0,2025-11-26T06:15:06.819390
EXP_0570,8000,4P_4E_HT_OFF,[0; 2; 4; 6; 16; 17; 18; 19],30,performance,78.06020975112915,74.0,2025-11-26T06:16:35.884097
EXP_0382,6000,8P_HT_OFF,[0; 2; 4; 6; 8; 10; 12; 14],22,performance,30.65070605278015,73.0,2025-11-26T06:17:17.460041
EXP_0412,6000,4P_HT_ON,[0; 1; 2; 3; 4; 5; 6; 7],22,performance,28.402000427246094,76.0,2025-11-26T06:17:56.943705
EXP_0155,2000,4P_HT_ON,[0; 1; 2; 3; 4; 5; 6; 7],5,performance,1.2501678466796875,77.0,2025-11-26T06:18:09.193190
EXP_0127,2000,8P_HT_OFF,[0; 2; 4; 6; 8; 10; 12; 14],7,performance,0.9721605777740479,77.0,2025-11-26T06:18:21.036236
EXP_0310,4000,4P_4E_HT_OFF,[0; 2; 4; 6; 16; 17; 18; 19],10,performance,5.314315319061279,76.0,2025-11-26T06:18:37.322892
EXP_0520,8000,4P_HT_ON,[0; 1; 2; 3; 4; 5; 6; 7],10,performance,79.2762303352356,74.0,2025-11-26T06:20:07.608623
EXP_0446,6000,4P_4E_HT_OFF,[0; 2; 4; 6; 16; 17; 18; 19],26,performance,26.4901065826416,73.0,2025-11-26T06:20:45.114642
EXP_0175,2000,4P_HT_ON,[0; 1; 2; 3; 4; 5; 6; 7],25,performance,1.2298569679260254,76.0,2025-11-26T06:20:57.389486
EXP_0032,1000,4P_HT_ON,[0; 1; 2; 3; 4; 5; 6; 7],2,performance,0.559741735458374,74.0,2025-11-26T06:21:08.945948
EXP_0114,1000,8E,[16; 17; 18; 19; 20; 21; 22; 23],24,performance,0.6405477523803711,70.0,2025-11-26T06:21:20.617467
EXP_0024,1000,8P_HT_OFF,[0; 2; 4; 6; 8; 10; 12; 14],24,performance,0.47238850593566895,71.0,2025-11-26T06:21:32.023558
EXP_0174,2000,4P_HT_ON,[0; 1; 2; 3; 4; 5; 6; 7],24,performance,1.2707359790802002,72.0,2025-11-26T06:21:44.287592
EXP_0558,8000,4P_4E_HT_OFF,[0; 2; 4; 6; 16; 17; 18; 19],18,performance,70.62124586105347,75.0,2025-11-26T06:23:05.914932
EXP_0067,1000,4P_4E_HT_OFF,[0; 2; 4; 6; 16; 17; 18; 19],7,performance,0.5083513259887695,75.0,2025-11-26T06:23:17.408255
EXP_0058,1000,4P_HT_ON,[0; 1; 2; 3; 4; 5; 6; 7],28,performance,0.5644888877868652,73.0,2025-11-26T06:23:29.009435
EXP_0322,4000,4P_4E_HT_OFF,[0; 2; 4; 6; 16; 17; 18; 19],22,performance,5.349642038345337,75.0,2025-11-26T06:23:45.292512
EXP_0223,2000,8E,[16; 17; 18; 19; 20; 21; 22; 23],13,performance,1.4340662956237793,70.0,2025-11-26T06:23:57.811101
EXP_0018,1000,8P_HT_OFF,[0; 2; 4; 6; 8; 10; 12; 14],18,performance,0.4802284240722656,70.0,2025-11-26T06:24:09.173780
EXP_0300,4000,4P_HT_ON,[0; 1; 2; 3; 4; 5; 6; 7],30,performance,6.476237773895264,74.0,2025-11-26T06:24:26.678314
EXP_0256,4000,8P_HT_OFF,[0; 2; 4; 6; 8; 10; 12; 14],16,performance,4.380122661590576,72.0,2025-11-26T06:24:41.955567
EXP_0306,4000,4P_4E_HT_OFF,[0; 2; 4; 6; 16; 17; 18; 19],6,performance,5.4634482860565186,75.0,2025-11-26T06:24:58.391664
EXP_0574,8000,8E,[16; 17; 18; 19; 20; 21; 22; 23],4,performance,143.01698780059814,74.0,2025-11-26T06:27:32.500152
EXP_0191,2000,4P_4E_HT_OFF,[0; 2; 4; 6; 16; 17; 18; 19],11,performance,1.098449945449829,77.0,2025-11-26T06:27:44.603216
EXP_0319,4000,4P_4E_HT_OFF,[0; 2; 4; 6; 16; 17; 18; 19],19,performance,5.315974235534668,77.0,2025-11-26T06:28:00.905616
EXP_0528,8000,4P_HT_ON,[0; 1; 2; 3; 4; 5; 6; 7],18,performance,83.30340361595154,75.0,2025-11-26T06:29:35.260635
EXP_0272,4000,4P_HT_ON,[0; 1; 2; 3; 4; 5; 6; 7],2,performance,6.503452777862549,81.0,2025-11-26T06:29:52.747053
EXP_0095,1000,8E,[16; 17; 18; 19; 20; 21; 22; 23],5,performance,0.6447067260742188,73.0,2025-11-26T06:30:04.441748
EXP_0181,2000,4P_4E_HT_OFF,[0; 2; 4; 6; 16; 17; 18; 19],1,performance,1.0950138568878174,73.0,2025-11-26T06:30:16.552160
EXP_0332,4000,8E,[16; 17; 18; 19; 20; 21; 22; 23],2,performance,8.053070306777954,75.0,2025-11-26T06:30:35.667453
EXP_0329,4000,4P_4E_HT_OFF,[0; 2; 4; 6; 16; 17; 18; 19],29,performance,5.323167085647583,76.0,2025-11-26T06:30:51.947666
EXP_0312,4000,4P_4E_HT_OFF,[0; 2; 4; 6; 16; 17; 18; 19],12,performance,5.272612571716309,78.0,2025-11-26T06:31:08.199307
EXP_0006,1000,8P_HT_OFF,[0; 2; 4; 6; 8; 10; 12; 14],6,performance,0.46793508529663086,74.0,2025-11-26T06:31:19.482596
EXP_0046,1000,4P_HT_ON,[0; 1; 2; 3; 4; 5; 6; 7],16,performance,0.5657284259796143,72.0,2025-11-26T06:31:31.041315
EXP_0399,6000,4P_HT_ON,[0; 1; 2; 3; 4; 5; 6; 7],9,performance,23.576267957687378,76.0,2025-11-26T06:32:05.651990
EXP_0577,8000,8E,[16; 17; 18; 19; 20; 21; 22; 23],7,performance,145.6594729423523,76.0,2025-11-26T06:34:42.400991
EXP_0469,6000,8E,[16; 17; 18; 19; 20; 21; 22; 23],19,performance,38.08798146247864,76.0,2025-11-26T06:35:31.602420
EXP_0017,1000,8P_HT_OFF,[0; 2; 4; 6; 8; 10; 12; 14],17,performance,0.47121763229370117,76.0,2025-11-26T06:35:42.918560
EXP_0049,1000,4P_HT_ON,[0; 1; 2; 3; 4; 5; 6; 7],19,performance,0.5646524429321289,78.0,2025-11-26T06:35:54.476569
EXP_0580,8000,8E,[16; 17; 18; 19; 20; 21; 22; 23],10,performance,144.11201310157776,76.0,2025-11-26T06:38:29.628450
EXP_0488,8000,8P_HT_OFF,[0; 2; 4; 6; 8; 10; 12; 14],8,performance,106.34995770454407,72.0,2025-11-26T06:40:26.801480
EXP_0004,1000,8P_HT_OFF,[0; 2; 4; 6; 8; 10; 12; 14],4,performance,0.47376298904418945,74.0,2025-11-26T06:40:38.091498
EXP_0487,8000,8P_HT_OFF,[0; 2; 4; 6; 8; 10; 12; 14],7,performance,99.25254106521606,73.0,2025-11-26T06:42:28.203922
EXP_0439,6000,4P_4E_HT_OFF,[0; 2; 4; 6; 16; 17; 18; 19],19,performance,26.64921259880066,73.0,2025-11-26T06:43:05.857564
EXP_0363,6000,8P_HT_OFF,[0; 2; 4; 6; 8; 10; 12; 14],3,performance,26.945728540420532,72.0,2025-11-26T06:43:43.634784
EXP_0434,6000,4P_4E_HT_OFF,[0; 2; 4; 6; 16; 17; 18; 19],14,performance,26.031928300857544,73.0,2025-11-26T06:44:20.626984
EXP_0303,4000,4P_4E_HT_OFF,[0; 2; 4; 6; 16; 17; 18; 19],3,performance,5.299166917800903,79.0,2025-11-26T06:44:36.906218
EXP_0226,2000,8E,[16; 17; 18; 19; 20; 21; 22; 23],16,performance,1.432577133178711,72.0,2025-11-26T06:44:49.433550
EXP_0027,1000,8P_HT_OFF,[0; 2; 4; 6; 8; 10; 12; 14],27,performance,0.47623658180236816,74.0,2025-11-26T06:45:00.746491
EXP_0425,6000,4P_4E_HT_OFF,[0; 2; 4; 6; 16; 17; 18; 19],5,performance,19.845342874526978,73.0,2025-11-26T06:45:31.588012
EXP_0264,4000,8P_HT_OFF,[0; 2; 4; 6; 8; 10; 12; 14],24,performance,4.38473916053772,78.0,2025-11-26T06:45:46.767219
EXP_0051,1000,4P_HT_ON,[0; 1; 2; 3; 4; 5; 6; 7],21,performance,0.5648655891418457,77.0,2025-11-26T06:45:58.321610
EXP_0230,2000,8E,[16; 17; 18; 19; 20; 21; 22; 23],20,performance,1.4180073738098145,71.0,2025-11-26T06:46:10.782746
EXP_0038,1000,4P_HT_ON,[0; 1; 2; 3; 4; 5; 6; 7],8,performance,0.5610446929931641,70.0,2025-11-26T06:46:22.358638
EXP_0158,2000,4P_HT_ON,[0; 1; 2; 3; 4; 5; 6; 7],8,performance,1.2452313899993896,72.0,2025-11-26T06:46:34.583171
EXP_0238,2000,8E,[16; 17; 18; 19; 20; 21; 22; 23],28,performance,1.4196178913116455,68.0,2025-11-26T06:46:47.091000
EXP_0575,8000,8E,[16; 17; 18; 19; 20; 21; 22; 23],5,performance,143.00014781951904,73.0,2025-11-26T06:49:21.199649
EXP_0176,2000,4P_HT_ON,[0; 1; 2; 3; 4; 5; 6; 7],26,performance,1.2406034469604492,76.0,2025-11-26T06:49:33.441248
EXP_0515,8000,4P_HT_ON,[0; 1; 2; 3; 4; 5; 6; 7],5,performance,83.40306353569031,78.0,2025-11-26T06:51:07.850225
EXP_0358,4000,8E,[16; 17; 18; 19; 20; 21; 22; 23],28,performance,8.04239821434021,78.0,2025-11-26T06:51:26.971689
EXP_0195,2000,4P_4E_HT_OFF,[0; 2; 4; 6; 16; 17; 18; 19],15,performance,1.099172830581665,76.0,2025-11-26T06:51:39.093972
EXP_0504,8000,8P_HT_OFF,[0; 2; 4; 6; 8; 10; 12; 14],24,performance,103.83630681037903,73.0,2025-11-26T06:53:33.762312
EXP_0579,8000,8E,[16; 17; 18; 19; 20; 21; 22; 23],9,performance,145.29696464538574,84.0,2025-11-26T06:56:10.163954
EXP_0512,8000,4P_HT_ON,[0; 1; 2; 3; 4; 5; 6; 7],2,performance,84.05064558982849,75.0,2025-11-26T06:57:45.240565
EXP_0068,1000,4P_4E_HT_OFF,[0; 2; 4; 6; 16; 17; 18; 19],8,performance,0.5107197761535645,74.0,2025-11-26T06:57:56.709048
EXP_0320,4000,4P_4E_HT_OFF,[0; 2; 4; 6; 16; 17; 18; 19],20,performance,5.31056809425354,76.0,2025-11-26T06:58:13.001588
EXP_0169,2000,4P_HT_ON,[0; 1; 2; 3; 4; 5; 6; 7],19,performance,1.251331090927124,76.0,2025-11-26T06:58:25.241358
EXP_0368,6000,8P_HT_OFF,[0; 2; 4; 6; 8; 10; 12; 14],8,performance,20.2521870136261,78.0,2025-11-26T06:58:56.372791
EXP_0163,2000,4P_HT_ON,[0; 1; 2; 3; 4; 5; 6; 7],13,performance,1.2343714237213135,76.0,2025-11-26T06:59:08.616235
EXP_0194,2000,4P_4E_HT_OFF,[0; 2; 4; 6; 16; 17; 18; 19],14,performance,1.0976178646087646,75.0,2025-11-26T06:59:20.701579
EXP_0153,2000,4P_HT_ON,[0; 1; 2; 3; 4; 5; 6; 7],3,performance,1.2440974712371826,76.0,2025-11-26T06:59:32.930664
EXP_0502,8000,8P_HT_OFF,[0; 2; 4; 6; 8; 10; 12; 14],22,performance,93.32216572761536,73.0,2025-11-26T07:01:17.077837
EXP_0347,4000,8E,[16; 17; 18; 19; 20; 21; 22; 23],17,performance,8.103388786315918,76.0,2025-11-26T07:01:36.276280
EXP_0486,8000,8P_HT_OFF,[0; 2; 4; 6; 8; 10; 12; 14],6,performance,105.42815685272217,76.0,2025-11-26T07:03:32.620479
EXP_0334,4000,8E,[16; 17; 18; 19; 20; 21; 22; 23],4,performance,8.075297117233276,77.0,2025-11-26T07:03:51.740580
EXP_0104,1000,8E,[16; 17; 18; 19; 20; 21; 22; 23],14,performance,0.6730208396911621,73.0,2025-11-26T07:04:03.542217
EXP_0391,6000,4P_HT_ON,[0; 1; 2; 3; 4; 5; 6; 7],1,performance,27.215543031692505,75.0,2025-11-26T07:04:41.796414
EXP_0075,1000,4P_4E_HT_OFF,[0; 2; 4; 6; 16; 17; 18; 19],15,performance,0.5146002769470215,78.0,2025-11-26T07:04:53.304587
EXP_0423,6000,4P_4E_HT_OFF,[0; 2; 4; 6; 16; 17; 18; 19],3,performance,23.517470359802246,72.0,2025-11-26T07:05:27.820624
EXP_0578,8000,8E,[16; 17; 18; 19; 20; 21; 22; 23],8,performance,145.91434121131897,76.0,2025-11-26T07:08:04.832729
EXP_0120,1000,8E,[16; 17; 18; 19; 20; 21; 22; 23],30,performance,0.6353702545166016,73.0,2025-11-26T07:08:16.591177
EXP_0397,6000,4P_HT_ON,[0; 1; 2; 3; 4; 5; 6; 7],7,performance,26.768841981887817,75.0,2025-11-26T07:08:54.394415
EXP_0410,6000,4P_HT_ON,[0; 1; 2; 3; 4; 5; 6; 7],20,performance,29.172407388687134,75.0,2025-11-26T07:09:34.567172
EXP_0482,8000,8P_HT_OFF,[0; 2; 4; 6; 8; 10; 12; 14],2,performance,103.58038091659546,73.0,2025-11-26T07:11:28.979643
EXP_0208,2000,4P_4E_HT_OFF,[0; 2; 4; 6; 16; 17; 18; 19],28,performance,1.101090669631958,74.0,2025-11-26T07:11:41.025103
EXP_0335,4000,8E,[16; 17; 18; 19; 20; 21; 22; 23],5,performance,8.026179790496826,76.0,2025-11-26T07:12:00.113482
EXP_0353,4000,8E,[16; 17; 18; 19; 20; 21; 22; 23],23,performance,8.159754514694214,75.0,2025-11-26T07:12:19.306227
EXP_0342,4000,8E,[16; 17; 18; 19; 20; 21; 22; 23],12,performance,8.049252271652222,76.0,2025-11-26T07:12:38.419464
EXP_0405,6000,4P_HT_ON,[0; 1; 2; 3; 4; 5; 6; 7],15,performance,27.76891565322876,73.0,2025-11-26T07:13:17.220005
EXP_0009,1000,8P_HT_OFF,[0; 2; 4; 6; 8; 10; 12; 14],9,performance,0.4720323085784912,76.0,2025-11-26T07:13:28.618648
EXP_0378,6000,8P_HT_OFF,[0; 2; 4; 6; 8; 10; 12; 14],18,performance,19.15951156616211,73.0,2025-11-26T07:13:58.612256
EXP_0037,1000,4P_HT_ON,[0; 1; 2; 3; 4; 5; 6; 7],7,performance,0.5667393207550049,75.0,2025-11-26T07:14:10.157527
EXP_0140,2000,8P_HT_OFF,[0; 2; 4; 6; 8; 10; 12; 14],20,performance,0.9824364185333252,74.0,2025-11-26T07:14:21.996551
EXP_0254,4000,8P_HT_OFF,[0; 2; 4; 6; 8; 10; 12; 14],14,performance,4.357957601547241,72.0,2025-11-26T07:14:37.154679
EXP_0304,4000,4P_4E_HT_OFF,[0; 2; 4; 6; 16; 17; 18; 19],4,performance,5.395206928253174,74.0,2025-11-26T07:14:53.531400
EXP_0543,8000,4P_4E_HT_OFF,[0; 2; 4; 6; 16; 17; 18; 19],3,performance,74.20068407058716,75.0,2025-11-26T07:16:18.730506
EXP_0060,1000,4P_HT_ON,[0; 1; 2; 3; 4; 5; 6; 7],30,performance,0.5695855617523193,76.0,2025-11-26T07:16:30.294903
EXP_0112,1000,8E,[16; 17; 18; 19; 20; 21; 22; 23],22,performance,0.6358096599578857,70.0,2025-11-26T07:16:42.027421
EXP_0364,6000,8P_HT_OFF,[0; 2; 4; 6; 8; 10; 12; 14],4,performance,14.572293519973755,80.0,2025-11-26T07:17:07.435805
EXP_0355,4000,8E,[16; 17; 18; 19; 20; 21; 22; 23],25,performance,8.015340328216553,75.0,2025-11-26T07:17:26.482755
EXP_0263,4000,8P_HT_OFF,[0; 2; 4; 6; 8; 10; 12; 14],23,performance,4.335933208465576,77.0,2025-11-26T07:17:41.649623
EXP_0526,8000,4P_HT_ON,[0; 1; 2; 3; 4; 5; 6; 7],16,performance,83.73091244697571,76.0,2025-11-26T07:19:16.378397
EXP_0298,4000,4P_HT_ON,[0; 1; 2; 3; 4; 5; 6; 7],28,performance,6.525404691696167,82.0,2025-11-26T07:19:33.897869
EXP_0151,2000,4P_HT_ON,[0; 1; 2; 3; 4; 5; 6; 7],1,performance,1.3081915378570557,90.0,2025-11-26T07:19:46.254476
EXP_0267,4000,8P_HT_OFF,[0; 2; 4; 6; 8; 10; 12; 14],27,performance,4.395617961883545,78.0,2025-11-26T07:20:01.453496
EXP_0519,8000,4P_HT_ON,[0; 1; 2; 3; 4; 5; 6; 7],9,performance,82.4520435333252,73.0,2025-11-26T07:21:34.901446
EXP_0531,8000,4P_HT_ON,[0; 1; 2; 3; 4; 5; 6; 7],21,performance,84.58637142181396,74.0,2025-11-26T07:23:10.476417
EXP_0039,1000,4P_HT_ON,[0; 1; 2; 3; 4; 5; 6; 7],9,performance,0.5630123615264893,76.0,2025-11-26T07:23:22.028444
EXP_0432,6000,4P_4E_HT_OFF,[0; 2; 4; 6; 16; 17; 18; 19],12,performance,23.236706495285034,76.0,2025-11-26T07:23:56.272044
EXP_0308,4000,4P_4E_HT_OFF,[0; 2; 4; 6; 16; 17; 18; 19],8,performance,5.42136025428772,86.0,2025-11-26T07:24:12.655475
EXP_0199,2000,4P_4E_HT_OFF,[0; 2; 4; 6; 16; 17; 18; 19],19,performance,1.0886874198913574,81.0,2025-11-26T07:24:24.733542
EXP_0356,4000,8E,[16; 17; 18; 19; 20; 21; 22; 23],26,performance,8.05855941772461,74.0,2025-11-26T07:24:43.839077
EXP_0147,2000,8P_HT_OFF,[0; 2; 4; 6; 8; 10; 12; 14],27,performance,1.080613136291504,93.0,2025-11-26T07:24:55.838930
EXP_0471,6000,8E,[16; 17; 18; 19; 20; 21; 22; 23],21,performance,35.62048840522766,74.0,2025-11-26T07:25:42.513356
EXP_0533,8000,4P_HT_ON,[0; 1; 2; 3; 4; 5; 6; 7],23,performance,84.89099717140198,74.0,2025-11-26T07:27:18.400424
EXP_0148,2000,8P_HT_OFF,[0; 2; 4; 6; 8; 10; 12; 14],28,performance,0.9896450042724609,80.0,2025-11-26T07:27:30.224386
EXP_0421,6000,4P_4E_HT_OFF,[0; 2; 4; 6; 16; 17; 18; 19],1,performance,23.94558310508728,73.0,2025-11-26T07:28:05.208713
EXP_0349,4000,8E,[16; 17; 18; 19; 20; 21; 22; 23],19,performance,8.064929723739624,75.0,2025-11-26T07:28:24.367231
EXP_0326,4000,4P_4E_HT_OFF,[0; 2; 4; 6; 16; 17; 18; 19],26,performance,5.299304723739624,79.0,2025-11-26T07:28:40.682812
EXP_0514,8000,4P_HT_ON,[0; 1; 2; 3; 4; 5; 6; 7],4,performance,83.88188433647156,73.0,2025-11-26T07:30:15.563287
EXP_0124,2000,8P_HT_OFF,[0; 2; 4; 6; 8; 10; 12; 14],4,performance,0.9799203872680664,76.0,2025-11-26T07:30:27.364138
EXP_0503,8000,8P_HT_OFF,[0; 2; 4; 6; 8; 10; 12; 14],23,performance,98.2854437828064,73.0,2025-11-26T07:32:16.547357
EXP_0097,1000,8E,[16; 17; 18; 19; 20; 21; 22; 23],7,performance,0.638300895690918,71.0,2025-11-26T07:32:28.288550
EXP_0144,2000,8P_HT_OFF,[0; 2; 4; 6; 8; 10; 12; 14],24,performance,0.9783239364624023,72.0,2025-11-26T07:32:40.143209
EXP_0240,2000,8E,[16; 17; 18; 19; 20; 21; 22; 23],30,performance,1.4204144477844238,71.0,2025-11-26T07:32:52.606679
EXP_0426,6000,4P_4E_HT_OFF,[0; 2; 4; 6; 16; 17; 18; 19],6,performance,17.957248210906982,76.0,2025-11-26T07:33:21.526262
EXP_0098,1000,8E,[16; 17; 18; 19; 20; 21; 22; 23],8,performance,0.645517110824585,72.0,2025-11-26T07:33:33.222310
EXP_0325,4000,4P_4E_HT_OFF,[0; 2; 4; 6; 16; 17; 18; 19],25,performance,5.240638017654419,76.0,2025-11-26T07:33:49.425988
EXP_0280,4000,4P_HT_ON,[0; 1; 2; 3; 4; 5; 6; 7],10,performance,6.497710943222046,79.0,2025-11-26T07:34:06.906290
EXP_0294,4000,4P_HT_ON,[0; 1; 2; 3; 4; 5; 6; 7],24,performance,6.489170074462891,80.0,2025-11-26T07:34:24.402332
EXP_0478,6000,8E,[16; 17; 18; 19; 20; 21; 22; 23],28,performance,37.299360275268555,74.0,2025-11-26T07:35:12.754123
EXP_0123,2000,8P_HT_OFF,[0; 2; 4; 6; 8; 10; 12; 14],3,performance,0.9633505344390869,74.0,2025-11-26T07:35:24.658240
EXP_0184,2000,4P_4E_HT_OFF,[0; 2; 4; 6; 16; 17; 18; 19],4,performance,1.0774047374725342,72.0,2025-11-26T07:35:36.738035
EXP_0203,2000,4P_4E_HT_OFF,[0; 2; 4; 6; 16; 17; 18; 19],23,performance,1.0855634212493896,72.0,2025-11-26T07:35:48.813052
EXP_0324,4000,4P_4E_HT_OFF,[0; 2; 4; 6; 16; 17; 18; 19],24,performance,5.304370880126953,74.0,2025-11-26T07:36:05.049530
EXP_0247,4000,8P_HT_OFF,[0; 2; 4; 6; 8; 10; 12; 14],7,performance,4.376307010650635,77.0,2025-11-26T07:36:20.285310
EXP_0513,8000,4P_HT_ON,[0; 1; 2; 3; 4; 5; 6; 7],3,performance,79.33275389671326,74.0,2025-11-26T07:37:50.617358
EXP_0458,6000,8E,[16; 17; 18; 19; 20; 21; 22; 23],8,performance,37.80068755149841,75.0,2025-11-26T07:38:39.527994
EXP_0479,6000,8E,[16; 17; 18; 19; 20; 21; 22; 23],29,performance,37.94153547286987,74.0,2025-11-26T07:39:28.583683
EXP_0500,8000,8P_HT_OFF,[0; 2; 4; 6; 8; 10; 12; 14],20,performance,103.52219843864441,73.0,2025-11-26T07:41:22.970434
EXP_0530,8000,4P_HT_ON,[0; 1; 2; 3; 4; 5; 6; 7],20,performance,84.47029542922974,77.0,2025-11-26T07:42:58.439563
EXP_0389,6000,8P_HT_OFF,[0; 2; 4; 6; 8; 10; 12; 14],29,performance,27.23855495452881,72.0,2025-11-26T07:43:36.512666
EXP_0126,2000,8P_HT_OFF,[0; 2; 4; 6; 8; 10; 12; 14],6,performance,0.983227014541626,73.0,2025-11-26T07:43:48.360063
EXP_0582,8000,8E,[16; 17; 18; 19; 20; 21; 22; 23],12,performance,143.5445535182953,77.0,2025-11-26T07:46:22.996640
EXP_0224,2000,8E,[16; 17; 18; 19; 20; 21; 22; 23],14,performance,1.4205989837646484,74.0,2025-11-26T07:46:35.475760
EXP_0343,4000,8E,[16; 17; 18; 19; 20; 21; 22; 23],13,performance,8.021143674850464,76.0,2025-11-26T07:46:54.557624
EXP_0054,1000,4P_HT_ON,[0; 1; 2; 3; 4; 5; 6; 7],24,performance,0.5608823299407959,76.0,2025-11-26T07:47:06.131712
EXP_0220,2000,8E,[16; 17; 18; 19; 20; 21; 22; 23],10,performance,1.4141790866851807,71.0,2025-11-26T07:47:18.597823
EXP_0130,2000,8P_HT_OFF,[0; 2; 4; 6; 8; 10; 12; 14],10,performance,0.9658064842224121,73.0,2025-11-26T07:47:30.406421
EXP_0544,8000,4P_4E_HT_OFF,[0; 2; 4; 6; 16; 17; 18; 19],4,performance,71.60620522499084,73.0,2025-11-26T07:48:52.974379
EXP_0394,6000,4P_HT_ON,[0; 1; 2; 3; 4; 5; 6; 7],4,performance,28.827636003494263,74.0,2025-11-26T07:49:32.816629
EXP_0448,6000,4P_4E_HT_OFF,[0; 2; 4; 6; 16; 17; 18; 19],28,performance,25.801872491836548,72.0,2025-11-26T07:50:09.617712
EXP_0546,8000,4P_4E_HT_OFF,[0; 2; 4; 6; 16; 17; 18; 19],6,performance,77.99258756637573,73.0,2025-11-26T07:51:38.605411
EXP_0396,6000,4P_HT_ON,[0; 1; 2; 3; 4; 5; 6; 7],6,performance,29.290954113006592,75.0,2025-11-26T07:52:18.902756
EXP_0567,8000,4P_4E_HT_OFF,[0; 2; 4; 6; 16; 17; 18; 19],27,performance,81.27288603782654,73.0,2025-11-26T07:53:51.185439
EXP_0403,6000,4P_HT_ON,[0; 1; 2; 3; 4; 5; 6; 7],13,performance,29.305769681930542,73.0,2025-11-26T07:54:31.496432
EXP_0387,6000,8P_HT_OFF,[0; 2; 4; 6; 8; 10; 12; 14],27,performance,28.230502367019653,73.0,2025-11-26T07:55:10.559706
EXP_0581,8000,8E,[16; 17; 18; 19; 20; 21; 22; 23],11,performance,145.4121708869934,75.0,2025-11-26T07:57:47.026983
EXP_0295,4000,4P_HT_ON,[0; 1; 2; 3; 4; 5; 6; 7],25,performance,6.699168920516968,78.0,2025-11-26T07:58:04.752801
EXP_0501,8000,8P_HT_OFF,[0; 2; 4; 6; 8; 10; 12; 14],21,performance,104.28628993034363,72.0,2025-11-26T07:59:59.873412
EXP_0483,8000,8P_HT_OFF,[0; 2; 4; 6; 8; 10; 12; 14],3,performance,105.798504114151,73.0,2025-11-26T08:01:56.607236
EXP_0416,6000,4P_HT_ON,[0; 1; 2; 3; 4; 5; 6; 7],26,performance,28.96829867362976,72.0,2025-11-26T08:02:36.584396
EXP_0113,1000,8E,[16; 17; 18; 19; 20; 21; 22; 23],23,performance,0.6360988616943359,72.0,2025-11-26T08:02:48.258610
EXP_0180,2000,4P_HT_ON,[0; 1; 2; 3; 4; 5; 6; 7],30,performance,1.245936393737793,77.0,2025-11-26T08:03:00.522472
EXP_0422,6000,4P_4E_HT_OFF,[0; 2; 4; 6; 16; 17; 18; 19],2,performance,21.4240403175354,73.0,2025-11-26T08:03:32.901620
EXP_0468,6000,8E,[16; 17; 18; 19; 20; 21; 22; 23],18,performance,37.58270835876465,75.0,2025-11-26T08:04:21.533834
EXP_0450,6000,4P_4E_HT_OFF,[0; 2; 4; 6; 16; 17; 18; 19],30,performance,26.810981035232544,75.0,2025-11-26T08:04:59.386695
EXP_0374,6000,8P_HT_OFF,[0; 2; 4; 6; 8; 10; 12; 14],14,performance,28.29535961151123,73.0,2025-11-26T08:05:38.515483
EXP_0315,4000,4P_4E_HT_OFF,[0; 2; 4; 6; 16; 17; 18; 19],15,performance,5.293705940246582,78.0,2025-11-26T08:05:54.805257
EXP_0152,2000,4P_HT_ON,[0; 1; 2; 3; 4; 5; 6; 7],2,performance,1.2383685111999512,79.0,2025-11-26T08:06:07.096385
EXP_0583,8000,8E,[16; 17; 18; 19; 20; 21; 22; 23],13,performance,145.00193977355957,76.0,2025-11-26T08:08:43.197874
EXP_0234,2000,8E,[16; 17; 18; 19; 20; 21; 22; 23],24,performance,1.4257383346557617,86.0,2025-11-26T08:08:55.700673
EXP_0307,4000,4P_4E_HT_OFF,[0; 2; 4; 6; 16; 17; 18; 19],7,performance,5.334810256958008,80.0,2025-11-26T08:09:12.047465
EXP_0550,8000,4P_4E_HT_OFF,[0; 2; 4; 6; 16; 17; 18; 19],10,performance,77.31910514831543,75.0,2025-11-26T08:10:40.369103
EXP_0165,2000,4P_HT_ON,[0; 1; 2; 3; 4; 5; 6; 7],15,performance,1.2508680820465088,76.0,2025-11-26T08:10:52.606133
EXP_0318,4000,4P_4E_HT_OFF,[0; 2; 4; 6; 16; 17; 18; 19],18,performance,5.313926935195923,78.0,2025-11-26T08:11:08.893712
EXP_0137,2000,8P_HT_OFF,[0; 2; 4; 6; 8; 10; 12; 14],17,performance,0.9864826202392578,74.0,2025-11-26T08:11:20.700071
EXP_0411,6000,4P_HT_ON,[0; 1; 2; 3; 4; 5; 6; 7],21,performance,26.21656608581543,73.0,2025-11-26T08:11:57.922450
EXP_0198,2000,4P_4E_HT_OFF,[0; 2; 4; 6; 16; 17; 18; 19],18,performance,1.0996553897857666,75.0,2025-11-26T08:12:10.032565
EXP_0569,8000,4P_4E_HT_OFF,[0; 2; 4; 6; 16; 17; 18; 19],29,performance,76.65718936920166,73.0,2025-11-26T08:13:37.690803
EXP_0259,4000,8P_HT_OFF,[0; 2; 4; 6; 8; 10; 12; 14],19,performance,4.379900217056274,78.0,2025-11-26T08:13:52.937089
EXP_0233,2000,8E,[16; 17; 18; 19; 20; 21; 22; 23],23,performance,1.4154767990112305,72.0,2025-11-26T08:14:05.425697
EXP_0116,1000,8E,[16; 17; 18; 19; 20; 21; 22; 23],26,performance,0.6452198028564453,71.0,2025-11-26T08:14:17.193709
EXP_0121,2000,8P_HT_OFF,[0; 2; 4; 6; 8; 10; 12; 14],1,performance,0.9730441570281982,73.0,2025-11-26T08:14:29.014947
EXP_0489,8000,8P_HT_OFF,[0; 2; 4; 6; 8; 10; 12; 14],9,performance,87.16628456115723,73.0,2025-11-26T08:16:07.069780
EXP_0377,6000,8P_HT_OFF,[0; 2; 4; 6; 8; 10; 12; 14],17,performance,28.55306386947632,72.0,2025-11-26T08:16:46.481898
EXP_0385,6000,8P_HT_OFF,[0; 2; 4; 6; 8; 10; 12; 14],25,performance,28.220716953277588,72.0,2025-11-26T08:17:25.603429
EXP_0225,2000,8E,[16; 17; 18; 19; 20; 21; 22; 23],15,performance,1.4148552417755127,72.0,2025-11-26T08:17:38.131842
EXP_0568,8000,4P_4E_HT_OFF,[0; 2; 4; 6; 16; 17; 18; 19],28,performance,76.3674111366272,75.0,2025-11-26T08:19:05.512571
EXP_0457,6000,8E,[16; 17; 18; 19; 20; 21; 22; 23],7,performance,38.216784954071045,75.0,2025-11-26T08:19:54.817051
EXP_0348,4000,8E,[16; 17; 18; 19; 20; 21; 22; 23],18,performance,8.332418441772461,75.0,2025-11-26T08:20:14.228568
EXP_0128,2000,8P_HT_OFF,[0; 2; 4; 6; 8; 10; 12; 14],8,performance,0.9799520969390869,76.0,2025-11-26T08:20:26.147538
EXP_0591,8000,8E,[16; 17; 18; 19; 20; 21; 22; 23],21,performance,145.10527324676514,76.0,2025-11-26T08:23:02.312121
EXP_0286,4000,4P_HT_ON,[0; 1; 2; 3; 4; 5; 6; 7],16,performance,6.585732698440552,79.0,2025-11-26T08:23:19.918534
EXP_0554,8000,4P_4E_HT_OFF,[0; 2; 4; 6; 16; 17; 18; 19],14,performance,78.86845684051514,73.0,2025-11-26T08:24:49.804537
EXP_0044,1000,4P_HT_ON,[0; 1; 2; 3; 4; 5; 6; 7],14,performance,0.5724198818206787,77.0,2025-11-26T08:25:01.473966
EXP_0108,1000,8E,[16; 17; 18; 19; 20; 21; 22; 23],18,performance,0.6477358341217041,71.0,2025-11-26T08:25:13.174706
EXP_0565,8000,4P_4E_HT_OFF,[0; 2; 4; 6; 16; 17; 18; 19],25,performance,74.72965216636658,73.0,2025-11-26T08:26:38.923662
EXP_0445,6000,4P_4E_HT_OFF,[0; 2; 4; 6; 16; 17; 18; 19],25,performance,26.02124285697937,73.0,2025-11-26T08:27:15.889983
EXP_0134,2000,8P_HT_OFF,[0; 2; 4; 6; 8; 10; 12; 14],14,performance,1.1177189350128174,74.0,2025-11-26T08:27:27.927496
EXP_0496,8000,8P_HT_OFF,[0; 2; 4; 6; 8; 10; 12; 14],16,performance,99.69084572792053,72.0,2025-11-26T08:29:18.543626
EXP_0045,1000,4P_HT_ON,[0; 1; 2; 3; 4; 5; 6; 7],15,performance,0.5633227825164795,75.0,2025-11-26T08:29:30.156889
EXP_0170,2000,4P_HT_ON,[0; 1; 2; 3; 4; 5; 6; 7],20,performance,1.246950387954712,75.0,2025-11-26T08:29:42.397254
EXP_0066,1000,4P_4E_HT_OFF,[0; 2; 4; 6; 16; 17; 18; 19],6,performance,0.5171630382537842,72.0,2025-11-26T08:29:53.833427
EXP_0284,4000,4P_HT_ON,[0; 1; 2; 3; 4; 5; 6; 7],14,performance,6.464953184127808,77.0,2025-11-26T08:30:11.387270
EXP_0086,1000,4P_4E_HT_OFF,[0; 2; 4; 6; 16; 17; 18; 19],26,performance,0.5029704570770264,72.0,2025-11-26T08:30:22.886650
EXP_0243,4000,8P_HT_OFF,[0; 2; 4; 6; 8; 10; 12; 14],3,performance,4.35295033454895,73.0,2025-11-26T08:30:38.062479
EXP_0187,2000,4P_4E_HT_OFF,[0; 2; 4; 6; 16; 17; 18; 19],7,performance,1.0839080810546875,71.0,2025-11-26T08:30:50.137850
EXP_0327,4000,4P_4E_HT_OFF,[0; 2; 4; 6; 16; 17; 18; 19],27,performance,5.331717252731323,73.0,2025-11-26T08:31:06.447455
EXP_0160,2000,4P_HT_ON,[0; 1; 2; 3; 4; 5; 6; 7],10,performance,1.247288465499878,76.0,2025-11-26T08:31:18.690440
EXP_0013,1000,8P_HT_OFF,[0; 2; 4; 6; 8; 10; 12; 14],13,performance,0.47136688232421875,72.0,2025-11-26T08:31:30.037691
EXP_0036,1000,4P_HT_ON,[0; 1; 2; 3; 4; 5; 6; 7],6,performance,0.5843338966369629,85.0,2025-11-26T08:31:41.619356
EXP_0029,1000,8P_HT_OFF,[0; 2; 4; 6; 8; 10; 12; 14],29,performance,0.4776451587677002,68.0,2025-11-26T08:31:52.947546
EXP_0171,2000,4P_HT_ON,[0; 1; 2; 3; 4; 5; 6; 7],21,performance,1.2296631336212158,71.0,2025-11-26T08:32:05.176989
EXP_0143,2000,8P_HT_OFF,[0; 2; 4; 6; 8; 10; 12; 14],23,performance,0.972604513168335,71.0,2025-11-26T08:32:16.964214
EXP_0237,2000,8E,[16; 17; 18; 19; 20; 21; 22; 23],27,performance,1.4320781230926514,64.0,2025-11-26T08:32:29.445374
EXP_0464,6000,8E,[16; 17; 18; 19; 20; 21; 22; 23],14,performance,33.04811239242554,71.0,2025-11-26T08:33:13.559103
EXP_0497,8000,8P_HT_OFF,[0; 2; 4; 6; 8; 10; 12; 14],17,performance,98.44077849388123,74.0,2025-11-26T08:35:02.909914
EXP_0222,2000,8E,[16; 17; 18; 19; 20; 21; 22; 23],12,performance,1.430920124053955,72.0,2025-11-26T08:35:15.389480
EXP_0545,8000,4P_4E_HT_OFF,[0; 2; 4; 6; 16; 17; 18; 19],5,performance,76.54610800743103,74.0,2025-11-26T08:36:42.963207
EXP_0096,1000,8E,[16; 17; 18; 19; 20; 21; 22; 23],6,performance,0.6424353122711182,73.0,2025-11-26T08:36:54.670608
EXP_0052,1000,4P_HT_ON,[0; 1; 2; 3; 4; 5; 6; 7],22,performance,0.5592164993286133,75.0,2025-11-26T08:37:06.278648
EXP_0241,4000,8P_HT_OFF,[0; 2; 4; 6; 8; 10; 12; 14],1,performance,4.410163640975952,76.0,2025-11-26T08:37:21.490510
EXP_0508,8000,8P_HT_OFF,[0; 2; 4; 6; 8; 10; 12; 14],28,performance,96.66698837280273,73.0,2025-11-26T08:39:09.036024
EXP_0352,4000,8E,[16; 17; 18; 19; 20; 21; 22; 23],22,performance,8.085070610046387,75.0,2025-11-26T08:39:28.165003
EXP_0517,8000,4P_HT_ON,[0; 1; 2; 3; 4; 5; 6; 7],7,performance,83.70482659339905,76.0,2025-11-26T08:41:02.900494
EXP_0179,2000,4P_HT_ON,[0; 1; 2; 3; 4; 5; 6; 7],29,performance,1.2685377597808838,81.0,2025-11-26T08:41:15.217714
EXP_0461,6000,8E,[16; 17; 18; 19; 20; 21; 22; 23],11,performance,36.20615792274475,84.0,2025-11-26T08:42:02.533656
EXP_0527,8000,4P_HT_ON,[0; 1; 2; 3; 4; 5; 6; 7],17,performance,84.5877616405487,73.0,2025-11-26T08:43:38.161337
EXP_0042,1000,4P_HT_ON,[0; 1; 2; 3; 4; 5; 6; 7],12,performance,0.5712203979492188,79.0,2025-11-26T08:43:49.712241
EXP_0555,8000,4P_4E_HT_OFF,[0; 2; 4; 6; 16; 17; 18; 19],15,performance,77.36023497581482,73.0,2025-11-26T08:45:18.082103
EXP_0523,8000,4P_HT_ON,[0; 1; 2; 3; 4; 5; 6; 7],13,performance,83.47612762451172,74.0,2025-11-26T08:46:52.618781
EXP_0207,2000,4P_4E_HT_OFF,[0; 2; 4; 6; 16; 17; 18; 19],27,performance,1.0792014598846436,78.0,2025-11-26T08:47:04.710026
EXP_0393,6000,4P_HT_ON,[0; 1; 2; 3; 4; 5; 6; 7],3,performance,27.248741388320923,73.0,2025-11-26T08:47:43.021363
EXP_0283,4000,4P_HT_ON,[0; 1; 2; 3; 4; 5; 6; 7],13,performance,7.011415243148804,75.0,2025-11-26T08:48:01.051831
EXP_0359,4000,8E,[16; 17; 18; 19; 20; 21; 22; 23],29,performance,8.1387038230896,98.0,2025-11-26T08:48:20.237018
EXP_0398,6000,4P_HT_ON,[0; 1; 2; 3; 4; 5; 6; 7],8,performance,29.48263931274414,74.0,2025-11-26T08:49:00.770614
EXP_0255,4000,8P_HT_OFF,[0; 2; 4; 6; 8; 10; 12; 14],15,performance,4.316458702087402,78.0,2025-11-26T08:49:16.001477
EXP_0218,2000,8E,[16; 17; 18; 19; 20; 21; 22; 23],8,performance,1.5075209140777588,71.0,2025-11-26T08:49:28.617879
EXP_0005,1000,8P_HT_OFF,[0; 2; 4; 6; 8; 10; 12; 14],5,performance,0.4824345111846924,72.0,2025-11-26T08:49:40.006648
EXP_0257,4000,8P_HT_OFF,[0; 2; 4; 6; 8; 10; 12; 14],17,performance,4.365929126739502,74.0,2025-11-26T08:49:55.239250
EXP_0564,8000,4P_4E_HT_OFF,[0; 2; 4; 6; 16; 17; 18; 19],24,performance,73.73505353927612,75.0,2025-11-26T08:51:19.988477
EXP_0534,8000,4P_HT_ON,[0; 1; 2; 3; 4; 5; 6; 7],24,performance,84.58674049377441,81.0,2025-11-26T08:52:55.645120
EXP_0431,6000,4P_4E_HT_OFF,[0; 2; 4; 6; 16; 17; 18; 19],11,performance,26.931467056274414,73.0,2025-11-26T08:53:33.602773
EXP_0101,1000,8E,[16; 17; 18; 19; 20; 21; 22; 23],11,performance,0.6421751976013184,71.0,2025-11-26T08:53:45.313440
EXP_0227,2000,8E,[16; 17; 18; 19; 20; 21; 22; 23],17,performance,1.423083782196045,71.0,2025-11-26T08:53:57.822869
EXP_0449,6000,4P_4E_HT_OFF,[0; 2; 4; 6; 16; 17; 18; 19],29,performance,20.032249212265015,75.0,2025-11-26T08:54:28.856118
EXP_0548,8000,4P_4E_HT_OFF,[0; 2; 4; 6; 16; 17; 18; 19],8,performance,78.10939741134644,73.0,2025-11-26T08:55:57.973683
EXP_0572,8000,8E,[16; 17; 18; 19; 20; 21; 22; 23],2,performance,146.27523255348206,76.0,2025-11-26T08:58:35.347412
EXP_0214,2000,8E,[16; 17; 18; 19; 20; 21; 22; 23],4,performance,1.423790454864502,74.0,2025-11-26T08:58:47.831676
EXP_0360,4000,8E,[16; 17; 18; 19; 20; 21; 22; 23],30,performance,8.188452959060669,76.0,2025-11-26T08:59:07.090535
EXP_0172,2000,4P_HT_ON,[0; 1; 2; 3; 4; 5; 6; 7],22,performance,1.2596983909606934,77.0,2025-11-26T08:59:19.370104
EXP_0099,1000,8E,[16; 17; 18; 19; 20; 21; 22; 23],9,performance,0.645491361618042,71.0,2025-11-26T08:59:31.074803
EXP_0293,4000,4P_HT_ON,[0; 1; 2; 3; 4; 5; 6; 7],23,performance,6.527020215988159,76.0,2025-11-26T08:59:48.672619
EXP_0216,2000,8E,[16; 17; 18; 19; 20; 21; 22; 23],6,performance,1.409127950668335,72.0,2025-11-26T09:00:01.178177
EXP_0062,1000,4P_4E_HT_OFF,[0; 2; 4; 6; 16; 17; 18; 19],2,performance,0.5193147659301758,75.0,2025-11-26T09:00:12.717889
EXP_0407,6000,4P_HT_ON,[0; 1; 2; 3; 4; 5; 6; 7],17,performance,23.66739559173584,76.0,2025-11-26T09:00:47.370037
EXP_0048,1000,4P_HT_ON,[0; 1; 2; 3; 4; 5; 6; 7],18,performance,0.5646102428436279,74.0,2025-11-26T09:00:59.035437
EXP_0033,1000,4P_HT_ON,[0; 1; 2; 3; 4; 5; 6; 7],3,performance,0.6067147254943848,75.0,2025-11-26T09:01:10.653077
EXP_0418,6000,4P_HT_ON,[0; 1; 2; 3; 4; 5; 6; 7],28,performance,25.30756378173828,74.0,2025-11-26T09:01:47.017979
EXP_0268,4000,8P_HT_OFF,[0; 2; 4; 6; 8; 10; 12; 14],28,performance,4.415791034698486,76.0,2025-11-26T09:02:02.300061
EXP_0328,4000,4P_4E_HT_OFF,[0; 2; 4; 6; 16; 17; 18; 19],28,performance,5.502624988555908,79.0,2025-11-26T09:02:18.786144
EXP_0201,2000,4P_4E_HT_OFF,[0; 2; 4; 6; 16; 17; 18; 19],21,performance,1.0872292518615723,76.0,2025-11-26T09:02:30.860685
EXP_0135,2000,8P_HT_OFF,[0; 2; 4; 6; 8; 10; 12; 14],15,performance,0.9982521533966064,74.0,2025-11-26T09:02:42.774810
EXP_0028,1000,8P_HT_OFF,[0; 2; 4; 6; 8; 10; 12; 14],28,performance,0.4720804691314697,71.0,2025-11-26T09:02:54.074467
EXP_0525,8000,4P_HT_ON,[0; 1; 2; 3; 4; 5; 6; 7],15,performance,78.30904388427734,74.0,2025-11-26T09:04:23.428697
EXP_0506,8000,8P_HT_OFF,[0; 2; 4; 6; 8; 10; 12; 14],26,performance,105.29741668701172,72.0,2025-11-26T09:06:19.563163
EXP_0231,2000,8E,[16; 17; 18; 19; 20; 21; 22; 23],21,performance,1.427042007446289,72.0,2025-11-26T09:06:32.047858
EXP_0490,8000,8P_HT_OFF,[0; 2; 4; 6; 8; 10; 12; 14],10,performance,101.09550642967224,73.0,2025-11-26T09:08:24.047727
EXP_0261,4000,8P_HT_OFF,[0; 2; 4; 6; 8; 10; 12; 14],21,performance,4.40665864944458,81.0,2025-11-26T09:08:39.320585
EXP_0379,6000,8P_HT_OFF,[0; 2; 4; 6; 8; 10; 12; 14],19,performance,25.736481189727783,72.0,2025-11-26T09:09:15.935235
EXP_0289,4000,4P_HT_ON,[0; 1; 2; 3; 4; 5; 6; 7],19,performance,6.697689771652222,76.0,2025-11-26T09:09:33.620861
EXP_0419,6000,4P_HT_ON,[0; 1; 2; 3; 4; 5; 6; 7],29,performance,28.57467293739319,73.0,2025-11-26T09:10:13.243942
EXP_0392,6000,4P_HT_ON,[0; 1; 2; 3; 4; 5; 6; 7],2,performance,28.480809450149536,75.0,2025-11-26T09:10:52.774386
EXP_0499,8000,8P_HT_OFF,[0; 2; 4; 6; 8; 10; 12; 14],19,performance,104.94872212409973,74.0,2025-11-26T09:12:48.609004
EXP_0139,2000,8P_HT_OFF,[0; 2; 4; 6; 8; 10; 12; 14],19,performance,0.9794104099273682,76.0,2025-11-26T09:13:00.436991
EXP_0063,1000,4P_4E_HT_OFF,[0; 2; 4; 6; 16; 17; 18; 19],3,performance,0.511845588684082,75.0,2025-11-26T09:13:11.926040
EXP_0472,6000,8E,[16; 17; 18; 19; 20; 21; 22; 23],22,performance,35.4207022190094,74.0,2025-11-26T09:13:58.389740
EXP_0129,2000,8P_HT_OFF,[0; 2; 4; 6; 8; 10; 12; 14],9,performance,0.9735777378082275,74.0,2025-11-26T09:14:10.250635
EXP_0584,8000,8E,[16; 17; 18; 19; 20; 21; 22; 23],14,performance,144.85266876220703,77.0,2025-11-26T09:16:46.194899
EXP_0521,8000,4P_HT_ON,[0; 1; 2; 3; 4; 5; 6; 7],11,performance,85.18652772903442,76.0,2025-11-26T09:18:22.455740
EXP_0065,1000,4P_4E_HT_OFF,[0; 2; 4; 6; 16; 17; 18; 19],5,performance,0.5233566761016846,75.0,2025-11-26T09:18:33.958085
EXP_0015,1000,8P_HT_OFF,[0; 2; 4; 6; 8; 10; 12; 14],15,performance,0.4704108238220215,73.0,2025-11-26T09:18:45.293094
EXP_0157,2000,4P_HT_ON,[0; 1; 2; 3; 4; 5; 6; 7],7,performance,1.2828478813171387,74.0,2025-11-26T09:18:57.625331
EXP_0041,1000,4P_HT_ON,[0; 1; 2; 3; 4; 5; 6; 7],11,performance,0.566514253616333,73.0,2025-11-26T09:19:09.232236
EXP_0493,8000,8P_HT_OFF,[0; 2; 4; 6; 8; 10; 12; 14],13,performance,87.21490144729614,72.0,2025-11-26T09:20:47.314614
EXP_0380,6000,8P_HT_OFF,[0; 2; 4; 6; 8; 10; 12; 14],20,performance,28.05946159362793,72.0,2025-11-26T09:21:26.306501
EXP_0188,2000,4P_4E_HT_OFF,[0; 2; 4; 6; 16; 17; 18; 19],8,performance,1.0948536396026611,73.0,2025-11-26T09:21:38.399838
EXP_0217,2000,8E,[16; 17; 18; 19; 20; 21; 22; 23],7,performance,1.4297525882720947,71.0,2025-11-26T09:21:50.919595
EXP_0053,1000,4P_HT_ON,[0; 1; 2; 3; 4; 5; 6; 7],23,performance,0.5539963245391846,73.0,2025-11-26T09:22:02.531467
EXP_0338,4000,8E,[16; 17; 18; 19; 20; 21; 22; 23],8,performance,8.1539785861969,74.0,2025-11-26T09:22:21.725677
EXP_0296,4000,4P_HT_ON,[0; 1; 2; 3; 4; 5; 6; 7],26,performance,6.472872018814087,82.0,2025-11-26T09:22:39.270258
EXP_0252,4000,8P_HT_OFF,[0; 2; 4; 6; 8; 10; 12; 14],12,performance,4.383991956710815,77.0,2025-11-26T09:22:54.553618
EXP_0462,6000,8E,[16; 17; 18; 19; 20; 21; 22; 23],12,performance,35.80240750312805,73.0,2025-11-26T09:23:41.455598
EXP_0456,6000,8E,[16; 17; 18; 19; 20; 21; 22; 23],6,performance,37.77337312698364,75.0,2025-11-26T09:24:30.349382
EXP_0598,8000,8E,[16; 17; 18; 19; 20; 21; 22; 23],28,performance,145.67599821090698,76.0,2025-11-26T09:27:07.143102
EXP_0270,4000,8P_HT_OFF,[0; 2; 4; 6; 8; 10; 12; 14],30,performance,4.440737962722778,82.0,2025-11-26T09:27:22.507400
EXP_0202,2000,4P_4E_HT_OFF,[0; 2; 4; 6; 16; 17; 18; 19],22,performance,1.0972554683685303,77.0,2025-11-26T09:27:34.558461
EXP_0162,2000,4P_HT_ON,[0; 1; 2; 3; 4; 5; 6; 7],12,performance,1.2493174076080322,77.0,2025-11-26T09:27:46.806670
EXP_0402,6000,4P_HT_ON,[0; 1; 2; 3; 4; 5; 6; 7],12,performance,25.582410097122192,74.0,2025-11-26T09:28:23.371892
EXP_0477,6000,8E,[16; 17; 18; 19; 20; 21; 22; 23],27,performance,38.10381841659546,74.0,2025-11-26T09:29:12.576546
EXP_0106,1000,8E,[16; 17; 18; 19; 20; 21; 22; 23],16,performance,0.6376702785491943,71.0,2025-11-26T09:29:24.339893
EXP_0390,6000,8P_HT_OFF,[0; 2; 4; 6; 8; 10; 12; 14],30,performance,20.878262281417847,74.0,2025-11-26T09:29:56.179674
EXP_0002,1000,8P_HT_OFF,[0; 2; 4; 6; 8; 10; 12; 14],2,performance,0.4750361442565918,76.0,2025-11-26T09:30:07.525154
EXP_0559,8000,4P_4E_HT_OFF,[0; 2; 4; 6; 16; 17; 18; 19],19,performance,75.52022099494934,74.0,2025-11-26T09:31:34.058890
EXP_0081,1000,4P_4E_HT_OFF,[0; 2; 4; 6; 16; 17; 18; 19],21,performance,0.5418527126312256,74.0,2025-11-26T09:31:45.576671
EXP_0206,2000,4P_4E_HT_OFF,[0; 2; 4; 6; 16; 17; 18; 19],26,performance,1.0985848903656006,74.0,2025-11-26T09:31:57.659636
EXP_0035,1000,4P_HT_ON,[0; 1; 2; 3; 4; 5; 6; 7],5,performance,0.5480983257293701,74.0,2025-11-26T09:32:09.205621
EXP_0509,8000,8P_HT_OFF,[0; 2; 4; 6; 8; 10; 12; 14],29,performance,92.70317316055298,74.0,2025-11-26T09:33:52.790485
EXP_0428,6000,4P_4E_HT_OFF,[0; 2; 4; 6; 16; 17; 18; 19],8,performance,26.091233253479004,73.0,2025-11-26T09:34:29.844063
EXP_0455,6000,8E,[16; 17; 18; 19; 20; 21; 22; 23],5,performance,38.11101746559143,74.0,2025-11-26T09:35:19.063135
EXP_0367,6000,8P_HT_OFF,[0; 2; 4; 6; 8; 10; 12; 14],7,performance,28.068214416503906,72.0,2025-11-26T09:35:57.977196
EXP_0092,1000,8E,[16; 17; 18; 19; 20; 21; 22; 23],2,performance,0.6575014591217041,71.0,2025-11-26T09:36:09.703781
EXP_0340,4000,8E,[16; 17; 18; 19; 20; 21; 22; 23],10,performance,8.064897298812866,75.0,2025-11-26T09:36:28.864842
EXP_0346,4000,8E,[16; 17; 18; 19; 20; 21; 22; 23],16,performance,8.07413125038147,76.0,2025-11-26T09:36:48.000837
EXP_0242,4000,8P_HT_OFF,[0; 2; 4; 6; 8; 10; 12; 14],2,performance,4.423170328140259,77.0,2025-11-26T09:37:03.355440
EXP_0014,1000,8P_HT_OFF,[0; 2; 4; 6; 8; 10; 12; 14],14,performance,0.475982666015625,74.0,2025-11-26T09:37:14.708492
EXP_0316,4000,4P_4E_HT_OFF,[0; 2; 4; 6; 16; 17; 18; 19],16,performance,5.2861762046813965,76.0,2025-11-26T09:37:30.951779
EXP_0388,6000,8P_HT_OFF,[0; 2; 4; 6; 8; 10; 12; 14],28,performance,20.975144147872925,72.0,2025-11-26T09:38:02.862812
EXP_0274,4000,4P_HT_ON,[0; 1; 2; 3; 4; 5; 6; 7],4,performance,7.281110048294067,74.0,2025-11-26T09:38:21.168671
EXP_0167,2000,4P_HT_ON,[0; 1; 2; 3; 4; 5; 6; 7],17,performance,1.2416915893554688,78.0,2025-11-26T09:38:33.415589
EXP_0595,8000,8E,[16; 17; 18; 19; 20; 21; 22; 23],25,performance,144.984760761261,77.0,2025-11-26T09:41:09.486810
EXP_0485,8000,8P_HT_OFF,[0; 2; 4; 6; 8; 10; 12; 14],5,performance,108.53863310813904,78.0,2025-11-26T09:43:08.931466
EXP_0586,8000,8E,[16; 17; 18; 19; 20; 21; 22; 23],16,performance,145.28485894203186,75.0,2025-11-26T09:45:45.257156
EXP_0505,8000,8P_HT_OFF,[0; 2; 4; 6; 8; 10; 12; 14],25,performance,106.0505313873291,72.0,2025-11-26T09:47:42.161570
EXP_0244,4000,8P_HT_OFF,[0; 2; 4; 6; 8; 10; 12; 14],4,performance,4.389895915985107,81.0,2025-11-26T09:47:57.466380
EXP_0563,8000,4P_4E_HT_OFF,[0; 2; 4; 6; 16; 17; 18; 19],23,performance,78.40016388893127,73.0,2025-11-26T09:49:26.862477
EXP_0190,2000,4P_4E_HT_OFF,[0; 2; 4; 6; 16; 17; 18; 19],10,performance,1.0824978351593018,75.0,2025-11-26T09:49:38.935960
EXP_0476,6000,8E,[16; 17; 18; 19; 20; 21; 22; 23],26,performance,36.59733510017395,74.0,2025-11-26T09:50:26.554656
EXP_0511,8000,4P_HT_ON,[0; 1; 2; 3; 4; 5; 6; 7],1,performance,85.15954828262329,74.0,2025-11-26T09:52:02.733971
EXP_0059,1000,4P_HT_ON,[0; 1; 2; 3; 4; 5; 6; 7],29,performance,0.5688257217407227,88.0,2025-11-26T09:52:14.318429
EXP_0475,6000,8E,[16; 17; 18; 19; 20; 21; 22; 23],25,performance,36.428667068481445,73.0,2025-11-26T09:53:01.862677
EXP_0561,8000,4P_4E_HT_OFF,[0; 2; 4; 6; 16; 17; 18; 19],21,performance,78.57558584213257,73.0,2025-11-26T09:54:31.463492
EXP_0253,4000,8P_HT_OFF,[0; 2; 4; 6; 8; 10; 12; 14],13,performance,4.425326108932495,78.0,2025-11-26T09:54:46.752104
EXP_0022,1000,8P_HT_OFF,[0; 2; 4; 6; 8; 10; 12; 14],22,performance,0.4754166603088379,76.0,2025-11-26T09:54:58.144553
EXP_0314,4000,4P_4E_HT_OFF,[0; 2; 4; 6; 16; 17; 18; 19],14,performance,5.383897542953491,80.0,2025-11-26T09:55:14.481581
EXP_0460,6000,8E,[16; 17; 18; 19; 20; 21; 22; 23],10,performance,35.95771145820618,74.0,2025-11-26T09:56:01.537465
EXP_0161,2000,4P_HT_ON,[0; 1; 2; 3; 4; 5; 6; 7],11,performance,1.2472097873687744,78.0,2025-11-26T09:56:13.794621
EXP_0277,4000,4P_HT_ON,[0; 1; 2; 3; 4; 5; 6; 7],7,performance,6.595386743545532,79.0,2025-11-26T09:56:31.374551
EXP_0192,2000,4P_4E_HT_OFF,[0; 2; 4; 6; 16; 17; 18; 19],12,performance,1.0791685581207275,76.0,2025-11-26T09:56:43.447349
EXP_0386,6000,8P_HT_OFF,[0; 2; 4; 6; 8; 10; 12; 14],26,performance,17.724002599716187,73.0,2025-11-26T09:57:12.100593
EXP_0414,6000,4P_HT_ON,[0; 1; 2; 3; 4; 5; 6; 7],24,performance,28.889053106307983,76.0,2025-11-26T09:57:52.017503
EXP_0492,8000,8P_HT_OFF,[0; 2; 4; 6; 8; 10; 12; 14],12,performance,105.8712146282196,73.0,2025-11-26T09:59:48.734281
EXP_0344,4000,8E,[16; 17; 18; 19; 20; 21; 22; 23],14,performance,8.16193437576294,76.0,2025-11-26T10:00:07.932887
EXP_0309,4000,4P_4E_HT_OFF,[0; 2; 4; 6; 16; 17; 18; 19],9,performance,5.340189456939697,80.0,2025-11-26T10:00:24.284627
EXP_0131,2000,8P_HT_OFF,[0; 2; 4; 6; 8; 10; 12; 14],11,performance,0.9933955669403076,74.0,2025-11-26T10:00:36.169503
EXP_0100,1000,8E,[16; 17; 18; 19; 20; 21; 22; 23],10,performance,0.6392590999603271,71.0,2025-11-26T10:00:47.839164
EXP_0373,6000,8P_HT_OFF,[0; 2; 4; 6; 8; 10; 12; 14],13,performance,14.726495027542114,80.0,2025-11-26T10:01:13.462203
EXP_0088,1000,4P_4E_HT_OFF,[0; 2; 4; 6; 16; 17; 18; 19],28,performance,0.5223846435546875,73.0,2025-11-26T10:01:24.983341
EXP_0459,6000,8E,[16; 17; 18; 19; 20; 21; 22; 23],9,performance,36.06856441497803,73.0,2025-11-26T10:02:12.074822
EXP_0331,4000,8E,[16; 17; 18; 19; 20; 21; 22; 23],1,performance,8.095608472824097,76.0,2025-11-26T10:02:31.257569
EXP_0215,2000,8E,[16; 17; 18; 19; 20; 21; 22; 23],5,performance,1.4113187789916992,73.0,2025-11-26T10:02:43.801568
EXP_0467,6000,8E,[16; 17; 18; 19; 20; 21; 22; 23],17,performance,36.511474609375,75.0,2025-11-26T10:03:31.408437
EXP_0122,2000,8P_HT_OFF,[0; 2; 4; 6; 8; 10; 12; 14],2,performance,0.9876046180725098,78.0,2025-11-26T10:03:43.353176
EXP_0021,1000,8P_HT_OFF,[0; 2; 4; 6; 8; 10; 12; 14],21,performance,0.4834563732147217,72.0,2025-11-26T10:03:54.762490
EXP_0072,1000,4P_4E_HT_OFF,[0; 2; 4; 6; 16; 17; 18; 19],12,performance,0.5116367340087891,72.0,2025-11-26T10:04:06.258246
EXP_0107,1000,8E,[16; 17; 18; 19; 20; 21; 22; 23],17,performance,0.6521120071411133,70.0,2025-11-26T10:04:18.001259
EXP_0271,4000,4P_HT_ON,[0; 1; 2; 3; 4; 5; 6; 7],1,performance,6.465678691864014,76.0,2025-11-26T10:04:35.481124
EXP_0436,6000,4P_4E_HT_OFF,[0; 2; 4; 6; 16; 17; 18; 19],16,performance,20.138595581054688,76.0,2025-11-26T10:05:06.614494
EXP_0103,1000,8E,[16; 17; 18; 19; 20; 21; 22; 23],13,performance,0.6421747207641602,71.0,2025-11-26T10:05:18.315983
